_id,_importdate,build_b,build_c,build_l,build_name,build_p,build_r,buitype,case_f,case_t,district,elevator,farea,fdate,landa,landa_z,location,manage,mb_area,mbuild,parea,parktype,pbuild,pprice,pu_area,rent_period,rent_service,rent_type,rmnote,rule,sb_area,sbuild,scnt,sdate,tbuild,tprice,trans_target,upnote,uprice
6,"{'date': '2026-08-12 10:56:01.271864', 'timezone_type': 3, 'timezone': 'Asia/Taipei'}",2,無,2,,有,3,住宅大樓(11層含以上有電梯),房屋+車位,租賃,北投區,,78.54,,0,,裕民六路123號三樓,有,,,16.7,坡道機械2,住家用,0,,115/07/01至117/06/30,無,整棟(戶)出租,此租金已扣除稅11086元，健保2339元,有,,三層,土地:建物:1車位:2房間個數:,1150630,014,10,,是,1240.6
9,"{'date': '2026-08-12 10:56:01.273580', 'timezone_type': 3, 'timezone': 'Asia/Taipei'}",2,,2,,有,3,公寓(5樓含以下無電梯),房地(土地+建物),買賣,士林區,無,5.31,,1.6,,美崙街62巷14號五樓,,,,0,,住家用,0,,,,,關係人間交易：親友、員工、共有人或其他特殊關係間之交易。建築物含有：頂樓加蓋。增建3房1廳1衛,,,五層,土地:3建物:1車位:,1150528,,196,,否,36.91
26,"{'date': '2026-08-12 10:56:01.283022', 'timezone_type': 3, 'timezone': 'Asia/Taipei'}",1,冷氣1台、熱水器、電視機、冰箱、有線電視、網路、傢俱,0,,有,1,公寓(無電梯),房屋,租賃,士林區,,7.1,,0,,凱旋路11號四樓之1,無,,,0,,住家用,0,,115/07/01至116/06/30,社會住宅包租轉租,獨立套房,,無,,四層,土地:建物:1車位:房間個數:,1150629,005,1,,否,1126.76
31,"{'date': '2026-08-12 10:56:01.285627', 'timezone_type': 3, 'timezone': 'Asia/Taipei'}",1,,2,,有,2,華廈(10層含以下有電梯),房地(土地+建物)+車位,買賣,北投區,有,37.57,,14.52,,稻香路225號三樓,,,,12.37,坡道平面1,見其他登記事項,210,,,,,,,,"一層,二層,三層,四層,五層,屋頂突出物,地下一層,地下二層,地下三層",土地:1建物:1車位:1,1150530,,2020,,否,71.83
44,"{'date': '2026-08-12 10:56:01.292515', 'timezone_type': 3, 'timezone': 'Asia/Taipei'}",1,冷氣1台、熱水器、電視機、冰箱、有線電視、網路、傢俱,0,,有,1,公寓(無電梯),房屋,租賃,士林區,,7.1,,0,,凱旋路11號二樓之1,無,,,0,,住家用,0,,115/07/01至116/06/30,社會住宅包租轉租,獨立套房,,無,,二層,土地:建物:1車位:房間個數:,1150629,005,1,,否,1126.76
50,"{'date': '2026-08-12 10:56:01.295671', 'timezone_type': 3, 'timezone': 'Asia/Taipei'}",2,,2,佳元織川,有,2,住宅大樓(11層含以上有電梯),房地(土地+建物)+車位,預售屋,北投區,,37.07,,4.71,,臺北市北投區洲美里福美路,,15.47,鋼筋混凝土造,10.8,坡道平面1,住家用,295,20.32,,,,,,1.28,四層,土地:1建物:1車位:1,1150701,014,2970,C棟04F號,否,101.83
65,"{'date': '2026-08-12 10:56:01.303713', 'timezone_type': 3, 'timezone': 'Asia/Taipei'}",1,,1,,有,0,大樓(11層含以上有電梯),房地(土地+建物)+車位,買賣,北投區,有,26.2,,4.62,,立農街二段212號,,,,10.54,坡道平面1,商業用,300,,,,,,,,"一層,屋頂突出物,地下一層,地下二層",土地:1建物:1車位:1,1150618,,2000,,否,108.56
68,"{'date': '2026-08-12 10:56:01.305315', 'timezone_type': 3, 'timezone': 'Asia/Taipei'}",1,冷氣2台、熱水器、瓦斯或天然氣,1,,有,3,公寓(無電梯),房屋,租賃,士林區,,20.29,,0,,福華路147巷21號二樓,無,,,0,,住家用,0,,115/07/01至116/06/30,社會住宅代管,整棟(戶)出租,其他：續租案件。,無,,二層,土地:建物:1車位:房間個數:0,1150626,004,3,,否,1232.13
71,"{'date': '2026-08-12 10:56:01.306942', 'timezone_type': 3, 'timezone': 'Asia/Taipei'}",,,,,無,,大樓(11層含以上有電梯),房地(土地+建物)+車位,買賣,北投區,有,16.91,,1.77,,溫泉路37巷30號二樓之8,,,,9.01,坡道平面1,住家用,250,,,,,關係人間交易：親友、員工、共有人或其他特殊關係間之交易。,,,"地下一層,地下二層,地下三層",土地:2建物:1車位:1,1150727,,762,,否,64.81
72,"{'date': '2026-08-12 10:56:01.307452', 'timezone_type': 3, 'timezone': 'Asia/Taipei'}",2,,2,,有,3,大樓(11層含以上有電梯),房地(土地+建物)+車位,買賣,北投區,有,49.06,,6.92,,大同街36號十二樓,,,,10.04,坡道平面1,見其他登記事項,280,,,,,關係人間交易：親友、員工、共有人或其他特殊關係間之交易。,,,十二層,土地:1建物:1車位:1,1150612,,4475,,否,107.51
73,"{'date': '2026-08-12 10:56:01.308027', 'timezone_type': 3, 'timezone': 'Asia/Taipei'}",4,冷氣8台、熱水器、洗衣機、冰箱、傢俱,5,,有,3,透天厝,房屋+車位,租賃,士林區,,61.39,,0,,莊頂路172巷4號,無,,,0,一樓平面1,住家用,0,,116/01/01至117/06/30,無,整棟(戶)出租,"租賃標的：含增建或未登記建物。其他：續租案件。1.此租金已扣除管理費10000元，花園泳池整理費13000元
2.車位坪數無法拆算",無,,見其他登記事項,土地:建物:1車位:1房間個數:,1150622,002,21,,-,0
96,"{'date': '2026-08-12 10:56:01.320712', 'timezone_type': 3, 'timezone': 'Asia/Taipei'}",1,冷氣1台、熱水器、洗衣機、冰箱、瓦斯或天然氣、網路、傢俱,1,,有,4,公寓(無電梯),房屋,租賃,北投區,,4.26,,0,,義理街66號二樓之1,無,,,0,,住家用,0,,115/07/01至116/06/30,一般轉租,分租雅房,租金：含下列其他衍生費用：網路費、其他-垃圾代收、每月清潔。租賃標的：租賃建物部分範圍，且未計入共有部分面積。,無,,二層,土地:建物:車位:房間個數:1,1150630,004,1,,否,3286.38
99,"{'date': '2026-08-12 10:56:01.322372', 'timezone_type': 3, 'timezone': 'Asia/Taipei'}",2,0台、熱水器、瓦斯或天然氣,2,,有,3,公寓(無電梯),房屋,租賃,北投區,,29.96,,0,,中央北路三段13之1號四樓,無,,,0,,住家用,0,,115/07/20至116/07/19,社會住宅包租轉租,整棟(戶)出租,,無,,四層,土地:建物:1車位:房間個數:,1150630,005,2,,否,734.31
100,"{'date': '2026-08-12 10:56:01.322960', 'timezone_type': 3, 'timezone': 'Asia/Taipei'}",2,,2,,有,3,公寓(5樓含以下無電梯),房地(土地+建物),買賣,士林區,無,29.87,,8.49,,中山北路六段405巷38號三樓,,,,0,,住家用,0,,,,,建築物含有：陽台外推。,,,三層,土地:1建物:1車位:,1150524,,2108,,否,70.57
102,"{'date': '2026-08-12 10:56:01.324026', 'timezone_type': 3, 'timezone': 'Asia/Taipei'}",1,冰箱、瓦斯或天然氣,1,,有,1,華廈(10層含以下有電梯),房屋,租賃,北投區,,20.81,,0,,行義路186巷47號三樓,有,,,0,,住家用,0,,115/07/01至116/06/30,無,整棟(戶)出租,,有,,三層,土地:建物:1車位:房間個數:,1150628,007,2,,否,961.08
107,"{'date': '2026-08-12 10:56:01.326768', 'timezone_type': 3, 'timezone': 'Asia/Taipei'}",2,,2,,有,3,大樓(11層含以上有電梯),房地(土地+建物)+車位,買賣,士林區,有,50.4,,7.29,,天母西路50巷28號五樓,,,,12.21,坡道平面1,見其他登記事項,330,,,,,預售屋、或土地及建物分件登記案件。,,,"一層,二層,三層,四層,五層,六層,七層,八層,九層,十層,十一層,十二層,十三層,屋頂突出物,地下一層,地下二層,地下三層,地下四層",土地:1建物:1車位:1,1100102,,4115,,否,99.11
111,"{'date': '2026-08-12 10:56:01.328932', 'timezone_type': 3, 'timezone': 'Asia/Taipei'}",3,冷氣1台,3,,有,3,透天厝,房屋,租賃,士林區,,26.09,,0,,中山北路五段702號,無,,,0,,住家用,0,,115/07/01至116/06/30,,,租金：含稅。,無,,一層,土地:建物:1車位:房間個數:0,1150629,003,9,,-,0
112,"{'date': '2026-08-12 10:56:01.329443', 'timezone_type': 3, 'timezone': 'Asia/Taipei'}",,,,,無,,華廈(10層含以下有電梯),房地(土地+建物)+車位,買賣,北投區,有,80.04,,32.53,,奇岩路251之1號,,,,2.37,其他1,住家用,0,,,,,特殊交易情況、條件：毛胚屋。,,,"一層,三層",土地:1建物:2車位:1,1150115,,4950,,是,61.84
115,"{'date': '2026-08-12 10:56:01.331130', 'timezone_type': 3, 'timezone': 'Asia/Taipei'}",1,冷氣2台、熱水器、洗衣機、電視機、冰箱、瓦斯或天然氣、傢俱,1,,有,1,住宅大樓(11層含以上有電梯),房屋,租賃,士林區,,24.47,,0,,基河路22號八樓之2,有,,,0,,住家用,0,,115/07/22至117/07/21,無,整棟(戶)出租,其他：續租案件。,有,,八層,土地:建物:1車位:房間個數:,1150630,018,4,,否,1552.92
117,"{'date': '2026-08-12 10:56:01.332299', 'timezone_type': 3, 'timezone': 'Asia/Taipei'}",2,無,2,,有,3,公寓(無電梯),房屋,租賃,士林區,,51.28,,0,,美崙街62巷22號,無,,,0,,住家用,0,,115/07/01至117/06/30,無,整棟(戶)出租,,無,,一層,土地:建物:1車位:房間個數:,1150626,005,4,,否,702.03
126,"{'date': '2026-08-12 10:56:01.337212', 'timezone_type': 3, 'timezone': 'Asia/Taipei'}",2,,2,,有,3,華廈(10層含以下有電梯),房地(土地+建物),買賣,士林區,有,48.11,,9.34,,中山北路七段14巷5弄5號五樓,,,,0,,住家用,0,,,,,,,,五層,土地:1建物:1車位:,1150506,,3160,,否,65.68
139,"{'date': '2026-08-12 10:56:01.344168', 'timezone_type': 3, 'timezone': 'Asia/Taipei'}",1,冷氣1台、熱水器、電視機、冰箱、有線電視、網路、傢俱,0,,有,1,公寓(無電梯),房屋,租賃,士林區,,7.03,,0,,凱旋路11號四樓之5,無,,,0,,住家用,0,,115/07/01至116/06/30,社會住宅包租轉租,獨立套房,,無,,四層,土地:建物:1車位:房間個數:,1150629,005,1,,否,1137.98
144,"{'date': '2026-08-12 10:56:01.346836', 'timezone_type': 3, 'timezone': 'Asia/Taipei'}",2,,2,,有,4,大樓(11層含以上有電梯),房地(土地+建物)+車位,買賣,北投區,有,60.88,,12.84,,泉源路50號二樓之2,,,,12.46,坡道平面1,住家用,200,,,,,,,,二層,土地:1建物:1車位:1,1150615,,2550,,否,48.53
147,"{'date': '2026-08-12 10:56:01.348414', 'timezone_type': 3, 'timezone': 'Asia/Taipei'}",2,,2,,有,2,大樓(11層含以上有電梯),房地(土地+建物)+車位,買賣,士林區,有,35.52,,4.46,,天母西路50巷28之1號九樓,,,,12.21,坡道平面1,見其他登記事項,320,,,,,預售屋、或土地及建物分件登記案件。民國114年04月25日讓渡，讓渡金額2980萬元,,,"一層,二層,三層,四層,五層,六層,七層,八層,九層,十層,十一層,十二層,十三層,屋頂突出物,地下一層,地下二層,地下三層,地下四層",土地:1建物:1車位:1,1100113,,2680,,否,101.24
149,"{'date': '2026-08-12 10:56:01.349547', 'timezone_type': 3, 'timezone': 'Asia/Taipei'}",2,,2,,有,3,公寓(5樓含以下無電梯),房地(土地+建物),買賣,北投區,無,32.18,,10.11,,公館路209巷16弄12號四樓,,,,0,,住家用,0,,,,,建築物含有：陽台外推、其他增建。,,,四層,土地:3建物:1車位:,1150604,,1260,,否,39.15
151,"{'date': '2026-08-12 10:56:01.350606', 'timezone_type': 3, 'timezone': 'Asia/Taipei'}",2,,2,,有,3,公寓(5樓含以下無電梯),房地(土地+建物),買賣,士林區,無,15.92,,4.81,,美崙街62巷14號五樓,,,,0,,住家用,0,,,,,關係人間交易：親友、員工、共有人或其他特殊關係間之交易。建築物含有：頂樓加蓋。增建3房1廳1衛,,,五層,土地:3建物:1車位:,1150528,,588,,否,36.93
155,"{'date': '2026-08-12 10:56:01.352750', 'timezone_type': 3, 'timezone': 'Asia/Taipei'}",,,,,無,,透天厝,房地(土地+建物),買賣,士林區,無,15.37,,46.28,,至善路二段1巷28弄4號,,,,0,,住家用,0,,,,,特殊交易情況、條件：具重建或重劃、都更等效益。,,,一層,土地:1建物:1車位:,1141002,,2930,,-,0
157,"{'date': '2026-08-12 10:56:01.353836', 'timezone_type': 3, 'timezone': 'Asia/Taipei'}",2,,2,,有,3,大樓(11層含以上有電梯),房地(土地+建物)+車位,買賣,北投區,有,78.84,,14.61,,明德路267巷10號六樓,,,,0,坡道平面1,住家用,300,,,,,,,,六層,土地:1建物:1車位:1,1150702,,4700,,是,59.61
171,"{'date': '2026-08-12 10:56:01.361415', 'timezone_type': 3, 'timezone': 'Asia/Taipei'}",,,,,無,,,土地,買賣,北投區,無,0,,25.6,,桃源段五小段0515-0000地號,,,,0,,,0,,,,,,,,,土地:1建物:0車位:,1150716,,450,,-,17.58
176,"{'date': '2026-08-12 10:56:01.364266', 'timezone_type': 3, 'timezone': 'Asia/Taipei'}",2,冷氣1台、熱水器、洗衣機、電視機、冰箱、有線電視、網路、傢俱,1,,有,4,公寓(無電梯),房屋,租賃,士林區,,6.05,,0,,中山北路六段191號三樓,無,,,0,,住家用,0,,115/06/29至116/06/28,一般轉租,分租雅房,租金：含下列其他衍生費用：網路費、其他-清潔費。,無,,三層,土地:建物:車位:房間個數:1,1150628,005,2,,否,2859.5
183,"{'date': '2026-08-12 10:56:01.368225', 'timezone_type': 3, 'timezone': 'Asia/Taipei'}",,,,,無,,華廈(10層含以下有電梯),房地(土地+建物),買賣,北投區,有,10.75,,2.37,,石牌路二段348巷17號五樓之2,,,,0,,住家用,0,,,,,建築物含有：陽台外推、其他增建。,,,五層,土地:1建物:1車位:,1150703,,830,,否,77.21
185,"{'date': '2026-08-12 10:56:01.369352', 'timezone_type': 3, 'timezone': 'Asia/Taipei'}",1,,1,,有,1,華廈(10層含以下有電梯),房地(土地+建物),買賣,北投區,有,13.82,,4.25,,泉源路34號四樓,,,,0,,住家用,0,,,,,,,,四層,土地:1建物:1車位:,1150618,,1050,,否,75.98
189,"{'date': '2026-08-12 10:56:01.371746', 'timezone_type': 3, 'timezone': 'Asia/Taipei'}",,,,,無,,,土地,買賣,北投區,無,0,,0.31,,溫泉段一小段0260-0000地號,,,,0,,,0,,,,,,,,,土地:1建物:0車位:,1150714,,87,,-,280.65
200,"{'date': '2026-08-12 10:56:01.378030', 'timezone_type': 3, 'timezone': 'Asia/Taipei'}",2,,2,慕溪,有,3,住宅大樓(11層含以上有電梯),房地(土地+建物)+車位,預售屋,士林區,,37.95,,6.78,,臺北市士林區天母北路44巷,,19.73,鋼筋混凝土造,5.52,其他1,住家用,190,16.75,,,,,,1.47,四層,土地:4建物:1車位:1,1150609,011,3650,0棟B1號,否,106.69
201,"{'date': '2026-08-12 10:56:01.379241', 'timezone_type': 3, 'timezone': 'Asia/Taipei'}",1,冷氣1台、熱水器、電視機、冰箱、有線電視、網路、傢俱,0,,有,1,公寓(無電梯),房屋,租賃,士林區,,6.99,,0,,凱旋路11號四樓之7,無,,,0,,住家用,0,,115/07/01至116/06/30,社會住宅包租轉租,獨立套房,,無,,四層,土地:建物:1車位:房間個數:,1150629,005,1,,否,1144.49
202,"{'date': '2026-08-12 10:56:01.379755', 'timezone_type': 3, 'timezone': 'Asia/Taipei'}",2,,2,,有,3,公寓(5樓含以下無電梯),房地(土地+建物),買賣,士林區,無,41.96,,7.22,,天玉街38巷11之3號五樓,,,,0,,住家用,0,,,,,,,,五層,土地:1建物:1車位:,1150518,,2800,,否,66.73
206,"{'date': '2026-08-12 10:56:01.381848', 'timezone_type': 3, 'timezone': 'Asia/Taipei'}",2,,3,,有,3,公寓(5樓含以下無電梯),房地(土地+建物),買賣,士林區,無,40.26,,10.86,,克強路10巷19弄16號五樓,,,,0,,住家用,0,,,,,建築物含有：陽台外推、頂樓加蓋、其他增建。,,,五層,土地:1建物:1車位:,1150203,,2638,,否,65.52
213,"{'date': '2026-08-12 10:56:01.385733', 'timezone_type': 3, 'timezone': 'Asia/Taipei'}",,,,,無,,華廈(10層含以下有電梯),房地(土地+建物)+車位,買賣,士林區,有,49.98,,8.53,,承德路四段2巷17號二樓,,,,12.35,坡道平面1,見其他登記事項,305,,,,,交易總價包含下列非屬不動產價格之費用：裝潢費。,,,二層,土地:1建物:1車位:1,1150302,,3700,,否,90.22
214,"{'date': '2026-08-12 10:56:01.386332', 'timezone_type': 3, 'timezone': 'Asia/Taipei'}",5,,2,,有,6,透天厝,房地(土地+建物),買賣,士林區,無,21.79,,14.99,,新安路7號,,,,0,,住家用,0,,,,,關係人間交易：親友、員工、共有人或其他特殊關係間之交易。,,,"一層,二層,陽臺,平台,地下層",土地:3建物:1車位:,1150716,,300,,-,0
217,"{'date': '2026-08-12 10:56:01.388086', 'timezone_type': 3, 'timezone': 'Asia/Taipei'}",1,冷氣1台、熱水器、傢俱,1,,有,3,公寓(無電梯),房屋,租賃,士林區,,27.85,,0,,葫蘆街54巷9弄4號四樓,無,,,0,,住家用,0,,115/07/05至116/07/04,社會住宅包租轉租,整棟(戶)出租,其他：續租案件。,無,,四層,土地:建物:1車位:房間個數:,1150702,004,2,,否,574.51
228,"{'date': '2026-08-12 10:56:01.394075', 'timezone_type': 3, 'timezone': 'Asia/Taipei'}",1,,1,,有,2,華廈(10層含以下有電梯),房地(土地+建物)+車位,買賣,北投區,有,21.86,,3.13,,溫泉路87號二樓,,,,0,塔式車位1,商業用,120,,,,,建築物含有：夾層、其他增建。,,,二層,土地:1建物:1車位:1,1150614,,1290,,是,59.01
230,"{'date': '2026-08-12 10:56:01.395149', 'timezone_type': 3, 'timezone': 'Asia/Taipei'}",2,無,2,,有,4,公寓(無電梯),房屋,租賃,士林區,,32.46,,0,,士東路226號,無,,,0,,住家用,0,,115/07/01至121/06/30,一般包租,整棟(戶)出租,"租賃標的：含增建或未登記建物。1.此租金已扣除稅3600元，健保760元
2.免租裝潢期：115年7月1日起至115年8月30日止
3.未增建建物後陽台",無,,一層,土地:建物:1車位:房間個數:,1150630,005,3,,否,974.74
233,"{'date': '2026-08-12 10:56:01.396788', 'timezone_type': 3, 'timezone': 'Asia/Taipei'}",1,冷氣1台、熱水器,1,,有,1,住宅大樓(11層含以上有電梯),房屋,租賃,北投區,,17.59,,0,,光明路220號十二樓之5,有,,,0,,住家用,0,,115/07/07至116/03/31,社會住宅代管,獨立套房,其他：續租案件。,有,,十二層,土地:建物:1車位:房間個數:,1150702,012,2,,否,966.46
245,"{'date': '2026-08-12 10:56:01.403164', 'timezone_type': 3, 'timezone': 'Asia/Taipei'}",2,,2,,有,3,公寓(5樓含以下無電梯),房地(土地+建物),買賣,士林區,無,31.5,,11.34,,文林路740巷9弄2號三樓,,,,0,,住家用,0,,,,,建築物含有：陽台外推、其他增建。,,,"三層,陽臺",土地:1建物:1車位:,1141206,,2327,,否,73.87
248,"{'date': '2026-08-12 10:56:01.404752', 'timezone_type': 3, 'timezone': 'Asia/Taipei'}",2,,2,,有,3,大樓(11層含以上有電梯),房地(土地+建物)+車位,買賣,北投區,有,49.63,,7.58,,石牌路二段363號四樓,,,,11.35,坡道平面1,見其他登記事項,330,,,,,,,,四層,土地:1建物:1車位:1,1150728,,3900,,否,93.26
250,"{'date': '2026-08-12 10:56:01.405767', 'timezone_type': 3, 'timezone': 'Asia/Taipei'}",,,,,無,,,土地,買賣,北投區,無,0,,2.01,,行義段二小段0071-0000地號,,,,0,,,0,,,,,特殊交易標的類型：(包含)公共設施保留地(用地)。,,,,土地:1建物:0車位:,1150720,,98,,-,48.76
252,"{'date': '2026-08-12 10:56:01.406802', 'timezone_type': 3, 'timezone': 'Asia/Taipei'}",,,,,無,,,土地,買賣,北投區,無,0,,4.34,,桃源段五小段0522-0000地號,,,,0,,,0,,,,,特殊交易標的類型：(包含)公共設施保留地(用地)。與政府有關之交易：協議價購。115年度臺北市政府以容積代金基金採購私有公共設施保留地,,,,土地:1建物:0車位:,1150708,,64,,-,14.75
259,"{'date': '2026-08-12 10:56:01.410669', 'timezone_type': 3, 'timezone': 'Asia/Taipei'}",2,,2,,有,3,公寓(5樓含以下無電梯),房地(土地+建物),買賣,士林區,無,57.35,,24.35,,仰德大道三段125巷5弄29號一樓,,,,0,,住家用,0,,,,,"建築物含有：其他增建。抽籤車位
平台增建",,,一層,土地:1建物:1車位:,1150604,,1680,,否,29.29
277,"{'date': '2026-08-12 10:56:01.420746', 'timezone_type': 3, 'timezone': 'Asia/Taipei'}",1,冷氣1台、熱水器、冰箱、傢俱,0,,有,1,華廈(10層含以下有電梯),房屋,租賃,士林區,,7.4,,0,,格致路20巷1號七樓之12,有,,,0,,商業用,0,,115/07/01至116/01/18,社會住宅包租轉租,獨立套房,管理費：962元，租金不含管理費，由承租人負擔。,有,,七層,土地:建物:1車位:房間個數:,1150701,009,1,,否,1621.62
278,"{'date': '2026-08-12 10:56:01.421329', 'timezone_type': 3, 'timezone': 'Asia/Taipei'}",2,冷氣5台、熱水器、洗衣機、電視機、冰箱、有線電視、網路、傢俱,1,,有,3,華廈(10層含以下有電梯),房屋,租賃,士林區,,54.54,,0,,天母東路43巷4弄12號三樓,有,,,0,,住家用,0,,115/07/16至117/07/15,無,整棟(戶)出租,租金：含下列其他衍生費用：管理費、網路費、其他-租金內含發票稅、有線電視、IPTV。其他：續租案件。,有,,三層,土地:建物:1車位:房間個數:,1150630,006,6,,否,1173.45
282,"{'date': '2026-08-12 10:56:01.423407', 'timezone_type': 3, 'timezone': 'Asia/Taipei'}",1,熱水器,1,,有,2,公寓(無電梯),房屋,租賃,北投區,,22.37,,0,,溫泉路143之13號三樓,有,,,0,,住家用,0,,115/07/13至116/07/12,社會住宅代管,整棟(戶)出租,其他：續租案件。,有,,三層,土地:建物:1車位:房間個數:,1150626,005,1,,否,581.14
285,"{'date': '2026-08-12 10:56:01.424947', 'timezone_type': 3, 'timezone': 'Asia/Taipei'}",1,冷氣1台、熱水器、電視機、冰箱、有線電視、網路、傢俱,0,,有,1,公寓(無電梯),房屋,租賃,士林區,,6.99,,0,,凱旋路11號四樓之9,無,,,0,,住家用,0,,115/07/01至116/06/30,社會住宅包租轉租,獨立套房,,無,,四層,土地:建物:1車位:房間個數:,1150629,005,1,,否,1144.49
287,"{'date': '2026-08-12 10:56:01.426091', 'timezone_type': 3, 'timezone': 'Asia/Taipei'}",2,冷氣4台、熱水器、洗衣機、電視機、冰箱、瓦斯或天然氣、傢俱,2,,有,3,公寓(無電梯),房屋,租賃,士林區,,29.16,,0,,華齡街37號四樓,無,,,0,,住家用,0,,115/07/01至116/06/30,社會住宅代管,整棟(戶)出租,承租人：多人共同承租，共3人。,無,,四層,土地:建物:1車位:房間個數:,1150630,005,3,,否,1097.39
294,"{'date': '2026-08-12 10:56:01.430100', 'timezone_type': 3, 'timezone': 'Asia/Taipei'}",,,,,無,,,土地,買賣,士林區,無,0,,16.53,,溪山段二小段0413-0000地號,,,,0,,,0,,,,,與政府有關之交易：地清或未辦繼承標售。,,,,土地:1建物:0車位:,1150630,,67,,-,4.05
296,"{'date': '2026-08-12 10:56:01.431157', 'timezone_type': 3, 'timezone': 'Asia/Taipei'}",2,冷氣2台、熱水器、瓦斯或天然氣,2,,有,4,華廈(10層含以下有電梯),房屋,租賃,士林區,,65.64,,0,,天母北路87巷14號二樓,無,,,0,,住家用,0,,115/07/01至118/06/30,無,整棟(戶)出租,,無,,二層,土地:建物:1車位:房間個數:,1150626,007,4,,否,670.32
297,"{'date': '2026-08-12 10:56:01.431666', 'timezone_type': 3, 'timezone': 'Asia/Taipei'}",1,冷氣1台、熱水器、電視機、冰箱、有線電視、網路、傢俱,0,,有,1,公寓(無電梯),房屋,租賃,士林區,,6.99,,0,,凱旋路11號二樓之16,無,,,0,,住家用,0,,115/07/01至116/06/30,社會住宅包租轉租,獨立套房,,無,,二層,土地:建物:1車位:房間個數:,1150629,005,1,,否,1144.49
300,"{'date': '2026-08-12 10:56:01.433357', 'timezone_type': 3, 'timezone': 'Asia/Taipei'}",1,,2,德安美麗綻,有,2,住宅大樓(11層含以上有電梯),房地(土地+建物)+車位,預售屋,北投區,,28.55,,3.97,,臺北市北投區承德路七段166巷,,10.58,鋼筋混凝土造,7.65,其他1,住家用,210,16.78,,,,,,1.19,十二層,土地:4建物:1車位:1,1150629,013,2345,0棟A3-12F號,否,102.15
303,"{'date': '2026-08-12 10:56:01.434974', 'timezone_type': 3, 'timezone': 'Asia/Taipei'}",2,,2,,有,4,華廈(10層含以下有電梯),房地(土地+建物)+車位,買賣,士林區,有,45.46,,8.58,,中山北路七段114巷51弄7號三樓,,,,6.68,坡道平面1,住家用,0,,,,,建築物含有：其他增建。,,,三層,土地:1建物:1車位:1,1150426,,2500,,是,54.99
304,"{'date': '2026-08-12 10:56:01.435622', 'timezone_type': 3, 'timezone': 'Asia/Taipei'}",,,,,無,,,車位,買賣,士林區,有,11.5,,2.68,,天母東路96、98、100、102號地下室,,,,0,坡道平面1,見其他登記事項,172.81,,,,,僅車位交易。使用權車位無法拆算,,,地下層,土地:1建物:1車位:1,1150714,,173,,-,0
306,"{'date': '2026-08-12 10:56:01.436646', 'timezone_type': 3, 'timezone': 'Asia/Taipei'}",1,,2,遠雄明玥,有,2,住宅大樓(11層含以上有電梯),房地(土地+建物)+車位,預售屋,北投區,,32.92,,6.44,,臺北市北投區福真路、承美路口,,14.38,鋼骨鋼筋混凝土造,7.57,坡道平面1,住家用,300,16.69,,,,,,1.85,二十二層,土地:2建物:1車位:1,1150627,027,3271,0棟A01F22號,否,117.2
307,"{'date': '2026-08-12 10:56:01.437156', 'timezone_type': 3, 'timezone': 'Asia/Taipei'}",0,,1,,有,0,公寓(5樓含以下無電梯),房地(土地+建物),買賣,士林區,無,24.85,,16.13,,德行東路109巷3號一樓,,,,0,,住商用,0,,,,,建築物含有：陽台外推、未登記建物。其他增建：後方增建面積約18坪,,,"一層,騎樓",土地:1建物:1車位:,1150503,,4188,,否,168.53
308,"{'date': '2026-08-12 10:56:01.437653', 'timezone_type': 3, 'timezone': 'Asia/Taipei'}",1,,2,,有,3,公寓(5樓含以下無電梯),房地(土地+建物),買賣,北投區,無,28.28,,14.07,,義理街63巷4弄12號三樓,,,,0,,住家用,0,,,,,,,,"三層,陽臺",土地:1建物:1車位:,1150620,,1781,,否,62.98
315,"{'date': '2026-08-12 10:56:01.441348', 'timezone_type': 3, 'timezone': 'Asia/Taipei'}",1,冷氣1台、熱水器、電視機、冰箱、有線電視、網路、傢俱,0,,有,1,公寓(無電梯),房屋,租賃,士林區,,7.03,,0,,凱旋路11號二樓之6,無,,,0,,住家用,0,,115/07/01至116/06/30,社會住宅包租轉租,獨立套房,,無,,二層,土地:建物:1車位:房間個數:,1150629,005,1,,否,1137.98
320,"{'date': '2026-08-12 10:56:01.443910', 'timezone_type': 3, 'timezone': 'Asia/Taipei'}",1,,2,,有,2,公寓(5樓含以下無電梯),房地(土地+建物),買賣,士林區,無,26.13,,8.17,,福華路147巷31號三樓,,,,0,,住家用,0,,,,,,,,三層,土地:1建物:1車位:,1150630,,1416,,否,54.19
332,"{'date': '2026-08-12 10:56:01.450310', 'timezone_type': 3, 'timezone': 'Asia/Taipei'}",,,,,無,,,土地,買賣,士林區,無,0,,174.85,,至善段五小段0381-0000地號,,,,0,,,0,,,,,特殊交易情況、條件：具重建或重劃、都更等效益。,,,,土地:4建物:0車位:,1141002,,10750,,-,61.48
334,"{'date': '2026-08-12 10:56:01.451306', 'timezone_type': 3, 'timezone': 'Asia/Taipei'}",2,,2,,有,2,大樓(11層含以上有電梯),房地(土地+建物)+車位,買賣,士林區,有,35.18,,4.4,,天母西路50巷26之1號二樓,,,,12.21,坡道平面1,見其他登記事項,290,,,,,預售屋、或土地及建物分件登記案件。,,,"一層,二層,三層,四層,五層,六層,七層,八層,九層,十層,十一層,十二層,十三層,屋頂突出物,地下一層,地下二層,地下三層,地下四層",土地:1建物:1車位:1,1100117,,2588,,否,100.04
347,"{'date': '2026-08-12 10:56:01.458201', 'timezone_type': 3, 'timezone': 'Asia/Taipei'}",,,,,無,,,土地,買賣,北投區,無,0,,1.03,,關渡段三小段0245-0003地號,,,,0,,,0,,,,,關係人間交易：親友、員工、共有人或其他特殊關係間之交易。,,,,土地:4建物:0車位:,1150718,,38,,-,36.89
353,"{'date': '2026-08-12 10:56:01.461357', 'timezone_type': 3, 'timezone': 'Asia/Taipei'}",2,無,6,,有,0,店面(店鋪),房屋,租賃,士林區,,73.19,,0,,天母東路90巷1號,無,,,0,,住家用,0,,115/07/20至120/07/19,,,租金：含稅、含下列其他衍生費用：其他-二代健保費。租賃標的：租賃期間有約定不同租金-自民國117年7月20日起，至120年7月19日止，每月租金新臺幣126000元整。。租賃期間含免租金裝潢期115年7月20日至115年8月19日。,無,,見其他登記事項,土地:建物:1車位:房間個數:0,1150701,002,12,,否,1639.57
354,"{'date': '2026-08-12 10:56:01.461867', 'timezone_type': 3, 'timezone': 'Asia/Taipei'}",1,,2,,有,2,大樓(11層含以上有電梯),房地(土地+建物)+車位,買賣,士林區,有,29.38,,2.89,,文林路710號八樓,,,,0,升降機械1,見其他登記事項,160,,,,,預售屋、或土地及建物分件登記案件。,,,八層,土地:1建物:1車位:1,1100406,,2520,,是,85.77
361,"{'date': '2026-08-12 10:56:01.465670', 'timezone_type': 3, 'timezone': 'Asia/Taipei'}",1,冷氣1台、熱水器、電視機、冰箱、有線電視、網路、傢俱,0,,有,1,公寓(無電梯),房屋,租賃,士林區,,6.99,,0,,凱旋路11號四樓之8,無,,,0,,住家用,0,,115/07/01至116/06/30,社會住宅包租轉租,獨立套房,,無,,四層,土地:建物:1車位:房間個數:,1150629,005,1,,否,1144.49
380,"{'date': '2026-08-12 10:56:01.476062', 'timezone_type': 3, 'timezone': 'Asia/Taipei'}",2,,2,,有,2,華廈(10層含以下有電梯),房地(土地+建物)+車位,買賣,士林區,有,35.1,,7.93,,天母北路9巷8號三樓,,,,4.53,其他1,住家用,215,,,,,,,,三層,土地:1建物:1車位:1,1150622,,3380,,否,103.53
384,"{'date': '2026-08-12 10:56:01.478209', 'timezone_type': 3, 'timezone': 'Asia/Taipei'}",1,冷氣1台、熱水器、電視機、冰箱、有線電視、網路、傢俱,0,,有,1,公寓(無電梯),房屋,租賃,士林區,,6.99,,0,,凱旋路11號四樓之15,無,,,0,,住家用,0,,115/07/01至116/06/30,社會住宅包租轉租,獨立套房,,無,,四層,土地:建物:1車位:房間個數:,1150629,005,1,,否,1144.49
389,"{'date': '2026-08-12 10:56:01.480968', 'timezone_type': 3, 'timezone': 'Asia/Taipei'}",2,,2,慕溪,有,3,住宅大樓(11層含以上有電梯),房地(土地+建物)+車位,預售屋,士林區,,37.95,,6.78,,臺北市士林區天母北路44巷,,19.73,鋼筋混凝土造,5.52,其他1,住家用,190,16.75,,,,,,1.47,七層,土地:4建物:1車位:1,1141125,011,3748,0棟B1號,否,109.71
393,"{'date': '2026-08-12 10:56:01.483102', 'timezone_type': 3, 'timezone': 'Asia/Taipei'}",1,,1,,有,1,大樓(11層含以上有電梯),房地(土地+建物),買賣,士林區,有,13.93,,2.74,,德行西路50號四樓之9,,,,0,,見其他登記事項,0,,,,,建築物含有：陽台外推、夾層。,,,四層,土地:3建物:1車位:,1150617,,1550,,否,111.27
396,"{'date': '2026-08-12 10:56:01.484675', 'timezone_type': 3, 'timezone': 'Asia/Taipei'}",2,冷氣4台、熱水器、洗衣機、電視機、冰箱、瓦斯或天然氣、網路、傢俱,2,,有,3,住宅大樓(11層含以上有電梯),房屋,租賃,北投區,,46.48,,0,,裕民六路115號二十二樓,有,,,0,,見其他登記事項,0,,115/08/01至117/07/31,無,整棟(戶)出租,租金：含下列其他衍生費用：管理費、網路費。,有,,二十二層,土地:建物:1車位:房間個數:,1150630,024,10,,否,2108.43
400,"{'date': '2026-08-12 10:56:01.487222', 'timezone_type': 3, 'timezone': 'Asia/Taipei'}",2,,2,,有,3,公寓(5樓含以下無電梯),房地(土地+建物),買賣,北投區,無,33.21,,11.11,,吉利街164巷2弄3號五樓,,,,0,,住家用,0,,,,,建築物含有：其他增建。,,,五層,土地:2建物:1車位:,1150613,,1620,,否,48.78
419,"{'date': '2026-08-12 10:56:01.497834', 'timezone_type': 3, 'timezone': 'Asia/Taipei'}",2,,2,,有,4,公寓(5樓含以下無電梯),房地(土地+建物),買賣,士林區,無,49.08,,14.45,,中山北路六段171號五樓,,,,0,,住家用,0,,,,,建築物含有：頂樓加蓋、其他增建。,,,五層,土地:1建物:1車位:,1141126,,3050,,否,62.14
420,"{'date': '2026-08-12 10:56:01.498373', 'timezone_type': 3, 'timezone': 'Asia/Taipei'}",1,冷氣1台、熱水器、電視機、冰箱、有線電視、網路、傢俱,0,,有,1,公寓(無電梯),房屋,租賃,士林區,,6.99,,0,,凱旋路11號五樓之9,無,,,0,,住家用,0,,115/07/01至116/06/30,社會住宅包租轉租,獨立套房,,無,,五層,土地:建物:1車位:房間個數:,1150630,005,1,,否,1144.49
427,"{'date': '2026-08-12 10:56:01.502057', 'timezone_type': 3, 'timezone': 'Asia/Taipei'}",5,,3,,有,7,華廈(10層含以下有電梯),房地(土地+建物),買賣,士林區,有,90.08,,20.76,,承德路四段5號地下,,,,0,,商業用,0,,,,,建築物含有：其他增建。含其他增建:平台外推、廚房、餐廳增建,,,地下層,土地:2建物:2車位:,1150426,,3580,,否,39.74
435,"{'date': '2026-08-12 10:56:01.506687', 'timezone_type': 3, 'timezone': 'Asia/Taipei'}",1,冷氣3台、熱水器、傢俱,2,,有,3,華廈(10層含以下有電梯),房屋,租賃,北投區,,27.15,,0,,長壽路27號地下,有,,,0,,商業用,0,,115/07/16至116/07/15,社會住宅代管,整棟(戶)出租,其他：續租案件。國家住宅及都市更新中心社會住宅包租代管計畫之物件。,有,,地下一層,土地:建物:1車位:房間個數:,1150629,008,2,,否,883.98
456,"{'date': '2026-08-12 10:56:01.518357', 'timezone_type': 3, 'timezone': 'Asia/Taipei'}",2,冷氣4台、熱水器、冰箱、傢俱,2,,有,2,公寓(無電梯),房屋,租賃,北投區,,22.92,,0,,杏林二路32號二樓,無,,,0,,住家用,0,,115/07/01至116/06/30,社會住宅代管,整棟(戶)出租,,無,,二層,土地:建物:1車位:房間個數:,1150627,005,3,,否,1134.38
469,"{'date': '2026-08-12 10:56:01.525330', 'timezone_type': 3, 'timezone': 'Asia/Taipei'}",1,冷氣1台、熱水器、洗衣機、冰箱、傢俱,0,,有,1,住宅大樓(11層含以上有電梯),房屋,租賃,北投區,,9.81,,0,,中山路47號六樓之5,有,,,0,,住家用,0,,115/07/13至117/07/12,社會住宅代管,獨立套房,其他：續租案件。,有,,六層,土地:建物:1車位:房間個數:,1150629,012,1,,否,856.27
475,"{'date': '2026-08-12 10:56:01.528500', 'timezone_type': 3, 'timezone': 'Asia/Taipei'}",2,,2,,有,3,大樓(11層含以上有電梯),房地(土地+建物)+車位,買賣,北投區,有,58.19,,8.61,,文林北路153號五樓,,,,13.24,坡道平面1,見其他登記事項,290,,,,,預售屋、或土地及建物分件登記案件。,,,五層,土地:1建物:1車位:1,1131215,,5588,,否,117.86
479,"{'date': '2026-08-12 10:56:01.530658', 'timezone_type': 3, 'timezone': 'Asia/Taipei'}",2,冷氣1台、熱水器、洗衣機、電視機、冰箱、有線電視、網路、傢俱,1,,有,4,公寓(無電梯),房屋,租賃,士林區,,3.93,,0,,中山北路六段191號三樓,無,,,0,,住家用,0,,115/07/01至116/06/30,一般轉租,分租雅房,租金：含下列其他衍生費用：網路費、其他-清潔費。,無,,三層,土地:建物:車位:房間個數:1,1150628,005,1,,否,3384.22
492,"{'date': '2026-08-12 10:56:01.537898', 'timezone_type': 3, 'timezone': 'Asia/Taipei'}",,,,,無,,,土地,買賣,士林區,無,0,,24.31,,文林段五小段0498-0000地號,,,,0,,,0,,,,,特殊交易標的類型：(包含)公共設施保留地(用地)。與政府有關之交易：協議價購。115年度臺北市政府以容積代金基金採購私有公共設施保留地,,,,土地:3建物:0車位:,1150708,,604,,-,24.85
495,"{'date': '2026-08-12 10:56:01.539468', 'timezone_type': 3, 'timezone': 'Asia/Taipei'}",2,冷氣4台、熱水器、洗衣機、電視機、冰箱、瓦斯或天然氣、傢俱,2,,有,3,住宅大樓(11層含以上有電梯),房屋,租賃,士林區,,37.24,,0,,中正路655巷6號十四樓之2,有,,,0,,住家用,0,,115/07/05至116/07/04,一般轉租,整棟(戶)出租,承租人：多人共同承租，共2人。租金：含下列其他衍生費用：管理費。,有,,十四層,土地:建物:1車位:房間個數:,1150630,015,4,,否,1149.3
500,"{'date': '2026-08-12 10:56:01.542311', 'timezone_type': 3, 'timezone': 'Asia/Taipei'}",2,冷氣4台、熱水器、瓦斯或天然氣、傢俱,1,,有,3,住宅大樓(11層含以上有電梯),房屋,租賃,北投區,,35.64,,0,,中央北路二段223號三樓,有,,,0,,見其他登記事項,0,,115/07/15至116/07/14,社會住宅代管,整棟(戶)出租,,有,,三層,土地:建物:1車位:房間個數:,1150626,011,4,,否,982.04
508,"{'date': '2026-08-12 10:56:01.546632', 'timezone_type': 3, 'timezone': 'Asia/Taipei'}",1,冷氣1台、熱水器、冰箱、傢俱,0,,有,1,華廈(10層含以下有電梯),房屋,租賃,士林區,,22.72,,0,,格致路8之1號三樓之12,有,,,0,,住家用,0,,115/07/01至116/06/30,社會住宅包租轉租,獨立套房,,有,,三層,土地:建物:1車位:房間個數:,1150626,005,1,,否,528.17
525,"{'date': '2026-08-12 10:56:01.556011', 'timezone_type': 3, 'timezone': 'Asia/Taipei'}",4,,2,,有,3,華廈(10層含以下有電梯),房地(土地+建物)+車位,買賣,士林區,有,95.46,,27.7,,中山北路七段181巷20號二樓,,,,20.18,坡道平面2,住家用,0,,,,,建築物含有：陽台外推、其他增建。,,,二層,土地:3建物:1車位:2,1150505,,8000,,是,83.8
531,"{'date': '2026-08-12 10:56:01.559250', 'timezone_type': 3, 'timezone': 'Asia/Taipei'}",1,,1,,有,1,公寓(5樓含以下無電梯),房地(土地+建物),買賣,士林區,無,20.04,,11.9,,承德路四段3巷23號,,,,0,,住家用,0,,,,,建築物含有：其他增建。,,,一層,土地:2建物:1車位:,1150524,,1750,,否,87.33
536,"{'date': '2026-08-12 10:56:01.562106', 'timezone_type': 3, 'timezone': 'Asia/Taipei'}",2,冷氣2台、熱水器、冰箱、瓦斯或天然氣,2,,有,4,公寓(無電梯),房屋,租賃,士林區,,31.38,,0,,中社路一段36巷2號二樓,無,,,0,,住家用,0,,115/07/01至116/06/30,社會住宅代管,整棟(戶)出租,,無,,二層,土地:建物:1車位:房間個數:,1150630,004,2,,否,669.22
539,"{'date': '2026-08-12 10:56:01.563650', 'timezone_type': 3, 'timezone': 'Asia/Taipei'}",1,冷氣3台、熱水器、瓦斯或天然氣,2,,有,2,華廈(10層含以下有電梯),房屋,租賃,士林區,,24.17,,0,,天母東路22巷21號三樓之7,有,,,0,,住家用,0,,115/07/03至116/07/02,無,整棟(戶)出租,,有,,三層,土地:建物:1車位:房間個數:,1150702,010,3,,否,1323.96
562,"{'date': '2026-08-12 10:56:01.577083', 'timezone_type': 3, 'timezone': 'Asia/Taipei'}",2,,2,慕溪,有,3,住宅大樓(11層含以上有電梯),房地(土地+建物)+車位,預售屋,士林區,,37.95,,6.78,,臺北市士林區天母北路44巷,,19.73,鋼筋混凝土造,5.52,其他1,住家用,190,16.75,,,,,,1.47,三層,土地:4建物:1車位:1,1150702,011,3650,0棟B1號,否,106.69
563,"{'date': '2026-08-12 10:56:01.577645', 'timezone_type': 3, 'timezone': 'Asia/Taipei'}",2,,2,,有,3,大樓(11層含以上有電梯),房地(土地+建物)+車位,買賣,北投區,有,48.46,,6.92,,文林北路149號五樓,,,,12.41,坡道平面1,見其他登記事項,290,,,,,預售屋、或土地及建物分件登記案件。,,,五層,土地:1建物:1車位:1,1140526,,4667,,否,121.41
567,"{'date': '2026-08-12 10:56:01.580032', 'timezone_type': 3, 'timezone': 'Asia/Taipei'}",2,,2,,有,3,公寓(5樓含以下無電梯),房地(土地+建物),買賣,北投區,無,29.96,,9.91,,西安街一段161號四樓,,,,0,,住家用,0,,,,,建築物含有：其他增建、頂樓加蓋。,,,四層,土地:1建物:1車位:,1150406,,2280,,否,76.1
568,"{'date': '2026-08-12 10:56:01.580562', 'timezone_type': 3, 'timezone': 'Asia/Taipei'}",2,,2,鄉林靜岡,有,3,住宅大樓(11層含以上有電梯),房地(土地+建物)+車位,預售屋,北投區,,48.15,,7.11,,臺北市北投區桃源里中央北路三段40巷20弄1號,,23.1,鋼筋混凝土造,10,坡道平面1,住家用,320,23.32,,,,,,1.72,四層,土地:9建物:1車位:1,1150630,013,3600,0棟A2-4F號,否,85.98
578,"{'date': '2026-08-12 10:56:01.586093', 'timezone_type': 3, 'timezone': 'Asia/Taipei'}",2,,2,,有,3,大樓(11層含以上有電梯),房地(土地+建物)+車位,買賣,士林區,有,50.4,,7.29,,天母西路50巷28號四樓,,,,12.21,坡道平面1,見其他登記事項,340,,,,,預售屋、或土地及建物分件登記案件。,,,"一層,二層,三層,四層,五層,六層,七層,八層,九層,十層,十一層,十二層,十三層,屋頂突出物,地下一層,地下二層,地下三層,地下四層",土地:1建物:1車位:1,1100118,,4088,,否,98.14
580,"{'date': '2026-08-12 10:56:01.587180', 'timezone_type': 3, 'timezone': 'Asia/Taipei'}",5,冷氣1台、熱水器、電視機、冰箱、網路、傢俱,1,,有,5,公寓(無電梯),房屋,租賃,士林區,,3.03,,0,,至誠路二段47之1號五樓,無,,,0,,住家用,0,,115/08/01至116/07/31,無,分租套房,租金：含下列其他衍生費用：水費、網路費。,無,,五層,土地:建物:車位:房間個數:1,1150629,005,1,,否,2970.3
584,"{'date': '2026-08-12 10:56:01.589390', 'timezone_type': 3, 'timezone': 'Asia/Taipei'}",1,冷氣3台、熱水器、洗衣機、冰箱、瓦斯或天然氣、傢俱,1,,有,2,華廈(10層含以下有電梯),房屋,租賃,北投區,,23.3,,0,,中央北路三段40巷42之1號四樓,有,,,0,,住家用,0,,115/07/01至116/06/30,社會住宅代管,整棟(戶)出租,管理費元，水電費 瓦斯費 由承租人負擔,有,,四層,土地:建物:1車位:房間個數:0,1150629,007,3,,否,1158.8
585,"{'date': '2026-08-12 10:56:01.589935', 'timezone_type': 3, 'timezone': 'Asia/Taipei'}",1,,2,,有,3,公寓(5樓含以下無電梯),房地(土地+建物),買賣,北投區,無,25.41,,12.71,,中央北路二段320巷7號三樓,,,,0,,住家用,0,,,,,關係人間交易：親友、員工、共有人或其他特殊關係間之交易。,,,三層,土地:2建物:2車位:,1150705,,700,,否,27.55
589,"{'date': '2026-08-12 10:56:01.592147', 'timezone_type': 3, 'timezone': 'Asia/Taipei'}",,,,,無,,,土地,買賣,北投區,無,0,,0.41,,溫泉段一小段0260-0000地號,,,,0,,,0,,,,,,,,,土地:1建物:0車位:,1150710,,115,,-,280.49
592,"{'date': '2026-08-12 10:56:01.593802', 'timezone_type': 3, 'timezone': 'Asia/Taipei'}",2,冷氣4台、熱水器、洗衣機、電視機、冰箱、瓦斯或天然氣、傢俱,2,,有,3,住宅大樓(11層含以上有電梯),房屋,租賃,士林區,,58.36,,0,,忠誠路一段171巷12弄10號三樓,有,,,0,,住家用,0,,115/07/15至116/07/14,無,整棟(戶)出租,租金：含下列其他衍生費用：管理費。其他：續租案件。,有,,三層,土地:建物:1車位:房間個數:,1150630,012,7,,否,1113.78
594,"{'date': '2026-08-12 10:56:01.594891', 'timezone_type': 3, 'timezone': 'Asia/Taipei'}",1,冷氣1台、熱水器、洗衣機、冰箱、瓦斯或天然氣、網路、傢俱,1,,有,4,公寓(無電梯),房屋,租賃,北投區,,3.98,,0,,義理街66號二樓之1,無,,,0,,住家用,0,,115/06/27至116/06/30,一般轉租,分租雅房,租金：含下列其他衍生費用：網路費、其他-垃圾代收、每月清潔。租賃標的：租賃建物部分範圍，且未計入共有部分面積。,無,,二層,土地:建物:車位:房間個數:1,1150626,004,1,,否,3517.59
596,"{'date': '2026-08-12 10:56:01.595997', 'timezone_type': 3, 'timezone': 'Asia/Taipei'}",2,冷氣1台、熱水器、洗衣機、電視機、冰箱、瓦斯或天然氣、有線電視、網路、傢俱,2,,有,4,華廈(10層含以下有電梯),房屋,租賃,士林區,,4.81,,0,,磺溪街45號二樓,無,,,0,,住家用,0,,115/06/30至116/05/31,一般轉租,分租雅房,租賃標的：租賃建物部分範圍，且未計入共有部分面積。,無,,二層,土地:建物:車位:房間個數:1,1150630,005,1,,否,1746.36
606,"{'date': '2026-08-12 10:56:01.601597', 'timezone_type': 3, 'timezone': 'Asia/Taipei'}",1,冷氣2台,1,,有,0,住宅大樓(11層含以上有電梯),房屋,租賃,北投區,,25.04,,0,,中央南路二段12之27號十九樓,有,,,0,,見其他登記事項,0,,115/07/11至117/07/10,,,租金：含下列其他衍生費用：管理費。,有,,十九層,土地:建物:1車位:房間個數:0,1150626,019,4,,否,1557.51
609,"{'date': '2026-08-12 10:56:01.603207', 'timezone_type': 3, 'timezone': 'Asia/Taipei'}",,,,,無,,,土地,買賣,北投區,無,0,,55.86,,溫泉段二小段0451-0000地號,,,,0,,,0,,,,,,,,,土地:1建物:0車位:,1150617,,3352,,-,60.01
610,"{'date': '2026-08-12 10:56:01.603747', 'timezone_type': 3, 'timezone': 'Asia/Taipei'}",1,,1,,有,1,大樓(11層含以上有電梯),房地(土地+建物),買賣,北投區,有,15.16,,4.67,,泉源路48號十三樓之1,,,,0,,住家用,0,,,,,關係人間交易：親友、員工、共有人或其他特殊關係間之交易。,,,十三層,土地:1建物:1車位:,1150629,,1068,,否,70.45
611,"{'date': '2026-08-12 10:56:01.604282', 'timezone_type': 3, 'timezone': 'Asia/Taipei'}",3,冷氣5台,3,,有,4,華廈(10層含以下有電梯),房屋+車位,租賃,士林區,,96.18,,0,,忠義街109號七樓,有,,,0,坡道平面1,住家用,0,,115/08/01至119/07/31,無,整棟(戶)出租,租金：含下列其他衍生費用：管理費、其他-稅。車位坪數無法拆算,有,,七層,土地:建物:1車位:1房間個數:,1150630,007,24,,是,2495.32
632,"{'date': '2026-08-12 10:56:01.615708', 'timezone_type': 3, 'timezone': 'Asia/Taipei'}",2,,2,,有,3,大樓(11層含以上有電梯),房地(土地+建物)+車位,買賣,北投區,有,38.47,,6.8,,泉源路19之2號十一樓,,,,3.09,升降機械1,見其他登記事項,210,,,,,,,,十一層,土地:1建物:1車位:1,1150418,,3245,,否,85.78
648,"{'date': '2026-08-12 10:56:01.624171', 'timezone_type': 3, 'timezone': 'Asia/Taipei'}",2,冷氣2台、熱水器、洗衣機、電視機、冰箱、傢俱,2,,有,5,公寓(無電梯),房屋,租賃,士林區,,24.58,,0,,倫等街48巷16號,無,,,0,,住家用,0,,115/07/01至116/06/30,社會住宅代管,整棟(戶)出租,承租人：多人共同承租，共2人。,無,,一層,土地:建物:1車位:房間個數:,1150629,004,4,,否,1423.92
651,"{'date': '2026-08-12 10:56:01.625741', 'timezone_type': 3, 'timezone': 'Asia/Taipei'}",2,,2,昇陽醴居,有,3,住宅大樓(11層含以上有電梯),房地(土地+建物)+車位,預售屋,士林區,,54.2,,6.22,,臺北市士林區德行東路277號,,27.78,鋼筋混凝土造,11.59,坡道平面1,住家用,330,23.79,,,,,,2.63,十四層,土地:8建物:1車位:1,1150627,021,5946,B棟B4-14F號,否,131.8
655,"{'date': '2026-08-12 10:56:01.627897', 'timezone_type': 3, 'timezone': 'Asia/Taipei'}",1,,1,,有,0,華廈(10層含以下有電梯),房地(土地+建物),買賣,北投區,有,18.53,,5.71,,實踐街82巷2號,,,,0,,商業用,0,,,,,,,,一層,土地:1建物:1車位:,1150709,,2238,,否,120.78
673,"{'date': '2026-08-12 10:56:01.637546', 'timezone_type': 3, 'timezone': 'Asia/Taipei'}",1,冷氣1台、熱水器、電視機、冰箱、有線電視、網路、傢俱,0,,有,1,公寓(無電梯),房屋,租賃,士林區,,6.99,,0,,凱旋路11號二樓之19,無,,,0,,住家用,0,,115/07/01至116/06/30,社會住宅包租轉租,獨立套房,,無,,二層,土地:建物:1車位:房間個數:,1150629,005,1,,否,1144.49
678,"{'date': '2026-08-12 10:56:01.640085', 'timezone_type': 3, 'timezone': 'Asia/Taipei'}",2,,2,,有,5,公寓(5樓含以下無電梯),房地(土地+建物),買賣,士林區,無,18.55,,7.46,,中正路212巷10弄3號二樓,,,,0,,住家用,0,,,,,關係人間交易：親友、員工、共有人或其他特殊關係間之交易。,,,二層,土地:1建物:1車位:,1150705,,1000,,否,53.91
679,"{'date': '2026-08-12 10:56:01.640597', 'timezone_type': 3, 'timezone': 'Asia/Taipei'}",2,,1,,有,3,大樓(11層含以上有電梯),房地(土地+建物),買賣,北投區,有,22.85,,2.94,,中和街20巷2號五樓之8、9,,,,0,,見其他登記事項,0,,,,,建築物含有：陽台外推、夾層。,,,五層,土地:3建物:1車位:,1150619,,1810,,否,79.21
681,"{'date': '2026-08-12 10:56:01.641630', 'timezone_type': 3, 'timezone': 'Asia/Taipei'}",2,冷氣4台、熱水器、瓦斯或天然氣、傢俱,2,,有,3,公寓(無電梯),房屋,租賃,北投區,,35.83,,0,,公館路348號五樓,無,,,0,,住家用,0,,115/07/01至116/06/30,社會住宅代管,整棟(戶)出租,,無,,五層,土地:建物:1車位:房間個數:,1150626,005,3,,否,753.56
699,"{'date': '2026-08-12 10:56:01.651129', 'timezone_type': 3, 'timezone': 'Asia/Taipei'}",,瓦斯或天然氣,,,無,,店面(店鋪),房屋,租賃,北投區,,25.88,,0,,崇仁路一段84號,無,,,0,,商業用,0,,115/07/01至121/02/29,,,租金：含稅、含下列其他衍生費用：其他-二代健保費。租賃標的：含增建或未登記建物、租賃期間有約定不同租金-自民國118年3月1日至121年2月29日租金調為肆萬伍仟元(含稅+二代健保)。。,無,,一層,土地:建物:1車位:房間個數:,1150701,004,4,,否,1653.79
714,"{'date': '2026-08-12 10:56:01.659336', 'timezone_type': 3, 'timezone': 'Asia/Taipei'}",2,冷氣4台、熱水器、瓦斯或天然氣、傢俱,2,,有,3,公寓(無電梯),房屋,租賃,北投區,,37.78,,0,,中和街234巷9號二樓,無,,,0,,住家用,0,,115/07/18至116/07/17,社會住宅代管,整棟(戶)出租,其他：續租案件。國家住宅及都市更新中心社會住宅包租代管計畫之物件。,無,,二層,土地:建物:1車位:房間個數:,1150629,005,4,,否,929.06
721,"{'date': '2026-08-12 10:56:01.663117', 'timezone_type': 3, 'timezone': 'Asia/Taipei'}",1,,2,,有,4,公寓(5樓含以下無電梯),房地(土地+建物),買賣,北投區,無,37.53,,8.47,,大業路578號四樓,,,,0,,住家用,0,,,,,,,,四層,土地:4建物:2車位:,1150610,,1850,,否,49.29
722,"{'date': '2026-08-12 10:56:01.663661', 'timezone_type': 3, 'timezone': 'Asia/Taipei'}",1,,1,,有,1,華廈(10層含以下有電梯),房地(土地+建物),買賣,北投區,有,14.64,,2.81,,光明路246號二樓之2,,,,0,,住家用,0,,,,,建築物含有：陽台外推。,,,"二層,陽臺",土地:2建物:1車位:0,1150630,,815,,否,55.67
723,"{'date': '2026-08-12 10:56:01.664235', 'timezone_type': 3, 'timezone': 'Asia/Taipei'}",2,,2,,有,3,公寓(5樓含以下無電梯),房地(土地+建物),買賣,士林區,無,32.82,,8.89,,士東路54巷22之2號二樓,,,,0,,住家用,0,,,,,建築物含有：其他增建。,,,二層,土地:1建物:1車位:,1150501,,2188,,否,66.67
724,"{'date': '2026-08-12 10:56:01.664788', 'timezone_type': 3, 'timezone': 'Asia/Taipei'}",,,,,,,,車位,租賃,北投區,,1.4,,0,,民族街15之2號等共用部分,,,,1.4,塔式車位1,見其他登記事項,2500,,115/07/01至115/12/31,,,租金已扣除管理費1000元,,,,土地:建物:車位:1房間個數:,1150701,,0,,-,0
741,"{'date': '2026-08-12 10:56:01.674214', 'timezone_type': 3, 'timezone': 'Asia/Taipei'}",2,,2,慕溪,有,3,住宅大樓(11層含以上有電梯),房地(土地+建物)+車位,預售屋,士林區,,37.95,,6.78,,臺北市士林區天母北路44巷,,19.73,鋼筋混凝土造,5.52,其他1,住家用,190,16.75,,,,,,1.47,十層,土地:4建物:1車位:1,1150616,011,4078,0棟B1號,否,119.89
760,"{'date': '2026-08-12 10:56:01.684323', 'timezone_type': 3, 'timezone': 'Asia/Taipei'}",1,冷氣1台、熱水器、電視機、冰箱、有線電視、網路、傢俱,0,,有,1,公寓(無電梯),房屋,租賃,士林區,,6.99,,0,,凱旋路11號三樓之19,無,,,0,,住家用,0,,115/07/01至116/06/30,社會住宅包租轉租,獨立套房,,無,,三層,土地:建物:1車位:房間個數:,1150629,005,1,,否,1144.49
764,"{'date': '2026-08-12 10:56:01.686488', 'timezone_type': 3, 'timezone': 'Asia/Taipei'}",5,無,6,,有,4,透天厝,房屋,租賃,士林區,,107.28,,0,,仰德大道一段91巷25弄18號,無,,,0,,住家用,0,,115/07/01至118/06/30,無,整棟(戶)出租,其他：續租案件。,無,,見其他登記事項,土地:建物:1車位:房間個數:,1150629,003,23,,-,0
767,"{'date': '2026-08-12 10:56:01.688174', 'timezone_type': 3, 'timezone': 'Asia/Taipei'}",2,,2,,有,3,大樓(11層含以上有電梯),房地(土地+建物)+車位,買賣,北投區,有,55.47,,13.76,,中央北路二段350巷72號十四樓,,,,0,坡道平面1,住家用,0,,,,,與政府有關之交易：政府機關標讓售。,,,十四層,土地:1建物:1車位:1,1150605,,2731,,是,49.23
786,"{'date': '2026-08-12 10:56:01.698691', 'timezone_type': 3, 'timezone': 'Asia/Taipei'}",1,冷氣1台、熱水器、電視機、冰箱、有線電視、網路、傢俱,0,,有,1,公寓(無電梯),房屋,租賃,士林區,,7.1,,0,,凱旋路11號二樓之22,無,,,0,,住家用,0,,115/07/01至116/06/30,社會住宅包租轉租,獨立套房,,無,,二層,土地:建物:1車位:房間個數:,1150629,005,1,,否,1126.76
791,"{'date': '2026-08-12 10:56:01.701424', 'timezone_type': 3, 'timezone': 'Asia/Taipei'}",2,,2,,有,3,華廈(10層含以下有電梯),房地(土地+建物),買賣,士林區,有,43.66,,8.81,,中山北路七段140巷12號二樓,,,,0,,住家用,0,,,,,建築物含有：陽台外推、其他增建。,,,二層,土地:1建物:1車位:,1150418,,3958,,否,90.66
795,"{'date': '2026-08-12 10:56:01.703615', 'timezone_type': 3, 'timezone': 'Asia/Taipei'}",2,,2,,有,3,公寓(5樓含以下無電梯),房地(土地+建物),買賣,士林區,無,35.64,,7.99,,士東路128號二樓,,,,0,,住家用,0,,,,,建築物含有：其他增建。,,,二層,土地:1建物:1車位:,1141118,,2480,,否,69.58
802,"{'date': '2026-08-12 10:56:01.707415', 'timezone_type': 3, 'timezone': 'Asia/Taipei'}",1,,1,,有,2,華廈(10層含以下有電梯),房地(土地+建物)+車位,買賣,北投區,有,18.09,,5.5,,石牌路二段348巷13之1號二樓,,,,1.68,塔式車位1,住家用,180,,,,,建築物含有：陽台外推。,,,二層,土地:1建物:1車位:1,1150314,,1700,,否,92.63
805,"{'date': '2026-08-12 10:56:01.709107', 'timezone_type': 3, 'timezone': 'Asia/Taipei'}",2,,2,樺輝詠鑄,有,3,住宅大樓(11層含以上有電梯),房地(土地+建物)+車位,預售屋,北投區,,59.67,,8.98,,臺北市北投區洲美里洲美街,,27.91,鋼骨混凝土造,11.23,坡道平面1,住家用,310,28.64,,,,毛胚屋。,,3.12,十九層,土地:2建物:1車位:1,1150630,028,7020,0棟A1號,否,138.52
811,"{'date': '2026-08-12 10:56:01.712292', 'timezone_type': 3, 'timezone': 'Asia/Taipei'}",1,冷氣1台、熱水器、洗衣機、電視機、冰箱、瓦斯或天然氣、傢俱,1,,有,1,住宅大樓(11層含以上有電梯),房屋,租賃,士林區,,14.21,,0,,延平北路六段392巷6號六樓之8,有,,,0,,住家用,0,,115/07/01至116/06/30,社會住宅代管,獨立套房,承租人：多人共同承租，共2人。管理費每個月997元不包含在租金內,有,,六層,土地:建物:1車位:房間個數:,1150630,011,2,,否,1548.21
814,"{'date': '2026-08-12 10:56:01.713937', 'timezone_type': 3, 'timezone': 'Asia/Taipei'}",2,冷氣4台、熱水器、洗衣機、電視機、冰箱、瓦斯或天然氣、傢俱,2,,有,3,住宅大樓(11層含以上有電梯),房屋,租賃,士林區,,37.24,,0,,中正路655巷6號十四樓之2,有,,,0,,住家用,0,,115/07/05至116/07/04,一般轉租,整棟(戶)出租,承租人：多人共同承租，共2人。租金：含下列其他衍生費用：管理費。,有,,十四層,土地:建物:1車位:房間個數:,1150630,015,4,,否,1149.3
815,"{'date': '2026-08-12 10:56:01.714480', 'timezone_type': 3, 'timezone': 'Asia/Taipei'}",1,冷氣1台、熱水器、電視機、冰箱、傢俱,0,,有,1,華廈(10層含以下有電梯),房屋,租賃,士林區,,7.4,,0,,格致路20巷1號八樓之11,有,,,0,,商業用,0,,115/07/01至118/06/30,社會住宅包租轉租,獨立套房,管理費：1110元，租金不含管理費，由承租人負擔。,有,,八層,土地:建物:1車位:房間個數:,1150630,009,1,,否,1702.7
817,"{'date': '2026-08-12 10:56:01.715704', 'timezone_type': 3, 'timezone': 'Asia/Taipei'}",1,,0,,有,0,華廈(10層含以下有電梯),房地(土地+建物),買賣,北投區,有,134.2,,23.21,,中央南路二段103號二樓,,,,0,,工業用,0,,,,,建築物含有：其他增建。,,,二層,土地:1建物:1車位:,1150514,,5325,,否,39.68
819,"{'date': '2026-08-12 10:56:01.716752', 'timezone_type': 3, 'timezone': 'Asia/Taipei'}",2,,2,昇陽醴居,有,3,住宅大樓(11層含以上有電梯),房地(土地+建物)+車位,預售屋,士林區,,60.26,,5.82,,臺北市士林區德行東路277號,,23.84,鋼筋混凝土造,23.17,坡道平面2,住家用,590,33.8,,,,,,2.63,十三層,土地:8建物:1車位:2,1150629,021,5405,B棟B1-13F號,否,129.82
825,"{'date': '2026-08-12 10:56:01.720306', 'timezone_type': 3, 'timezone': 'Asia/Taipei'}",1,,1,,有,1,大樓(11層含以上有電梯),房地(土地+建物),買賣,士林區,有,15.12,,6.43,,菁山路96號五樓,,,,0,,住家用,0,,,,,,,,五層,土地:1建物:1車位:0,1150707,,770,,否,50.93
826,"{'date': '2026-08-12 10:56:01.720829', 'timezone_type': 3, 'timezone': 'Asia/Taipei'}",1,冷氣1台、熱水器、電視機、冰箱、有線電視、網路、傢俱,0,,有,1,公寓(無電梯),房屋,租賃,士林區,,6.99,,0,,凱旋路11號四樓之2,無,,,0,,住家用,0,,115/07/01至116/06/30,社會住宅包租轉租,獨立套房,,無,,四層,土地:建物:1車位:房間個數:,1150630,005,1,,否,1144.49
835,"{'date': '2026-08-12 10:56:01.725688', 'timezone_type': 3, 'timezone': 'Asia/Taipei'}",2,,2,,有,3,公寓(5樓含以下無電梯),房地(土地+建物),買賣,士林區,無,25.73,,2.58,,士東路266巷3弄11號地下,,,,0,,見其他登記事項,0,,,,,建築物含有：其他增建。,,,地下層,土地:5建物:1車位:,1150517,,740,,否,28.76
836,"{'date': '2026-08-12 10:56:01.726270', 'timezone_type': 3, 'timezone': 'Asia/Taipei'}",2,,2,,有,3,大樓(11層含以上有電梯),房地(土地+建物)+車位,買賣,士林區,有,50.4,,7.29,,天母西路50巷26號五樓,,,,12.21,坡道平面1,見其他登記事項,330,,,,,預售屋、或土地及建物分件登記案件。民國110年05月06日讓渡，平價移轉/金額不變,,,"一層,二層,三層,四層,五層,六層,七層,八層,九層,十層,十一層,十二層,十三層,屋頂突出物,地下一層,地下二層,地下三層,地下四層",土地:1建物:1車位:1,1100102,,4046,,否,97.3
838,"{'date': '2026-08-12 10:56:01.727253', 'timezone_type': 3, 'timezone': 'Asia/Taipei'}",2,,2,,有,2,華廈(10層含以下有電梯),房地(土地+建物),買賣,士林區,有,37.92,,8.92,,中山北路七段205號七樓,,,,0,,住家用,0,,,,,建築物含有：陽台外推、其他增建。,,,七層,土地:1建物:1車位:,1150430,,2350,,否,61.97
839,"{'date': '2026-08-12 10:56:01.727766', 'timezone_type': 3, 'timezone': 'Asia/Taipei'}",2,,2,,有,2,大樓(11層含以上有電梯),房地(土地+建物)+車位,買賣,士林區,有,35.52,,4.46,,天母西路50巷28之1號四樓,,,,12.21,坡道平面1,見其他登記事項,320,,,,,預售屋、或土地及建物分件登記案件。,,,"一層,二層,三層,四層,五層,六層,七層,八層,九層,十層,十一層,十二層,十三層,屋頂突出物,地下一層,地下二層,地下三層,地下四層",土地:1建物:1車位:1,1100107,,2570,,否,96.53
850,"{'date': '2026-08-12 10:56:01.733840', 'timezone_type': 3, 'timezone': 'Asia/Taipei'}",2,,2,力銘耘山,有,2,住宅大樓(11層含以上有電梯),房地(土地+建物)+車位,預售屋,北投區,,36.4,,4.73,,臺北市北投區承信路,,15.85,鋼筋混凝土造,10.29,坡道平面1,住家用,275,19.41,,,,,,1.14,六層,土地:2建物:1車位:1,1150702,018,3740,0棟A6-06F號,否,132.71
852,"{'date': '2026-08-12 10:56:01.734934', 'timezone_type': 3, 'timezone': 'Asia/Taipei'}",1,冷氣5台、熱水器、瓦斯或天然氣、傢俱,1,,有,3,公寓(無電梯),房屋,租賃,士林區,,25.21,,0,,承德路四段40巷78號五樓,無,,,0,,住家用,0,,115/07/25至116/07/24,社會住宅代管,整棟(戶)出租,其他：續租案件。,無,,五層,土地:建物:1車位:房間個數:,1150629,005,2,,否,912.34
861,"{'date': '2026-08-12 10:56:01.739850', 'timezone_type': 3, 'timezone': 'Asia/Taipei'}",2,,2,,有,3,公寓(5樓含以下無電梯),房地(土地+建物),買賣,士林區,無,40.73,,11.19,,克強路10巷3弄10之1號四樓,,,,0,,住家用,0,,,,,建築物含有：陽台外推。,,,四層,土地:1建物:1車位:,1150513,,2250,,否,55.24
874,"{'date': '2026-08-12 10:56:01.746918', 'timezone_type': 3, 'timezone': 'Asia/Taipei'}",1,,2,,有,1,公寓(5樓含以下無電梯),房地(土地+建物),買賣,士林區,無,24.85,,16.13,,德行東路109巷3號二樓,,,,0,,住家用,0,,,,,建築物含有：陽台外推、未登記建物。其他增建：房屋後方增建面積約18坪,,,二層,土地:1建物:1車位:,1150503,,1700,,否,68.41
881,"{'date': '2026-08-12 10:56:01.751116', 'timezone_type': 3, 'timezone': 'Asia/Taipei'}",2,,2,樺輝詠鑄,有,3,住宅大樓(11層含以上有電梯),房地(土地+建物)+車位,預售屋,北投區,,59.67,,8.98,,臺北市北投區洲美里洲美街,,27.91,鋼骨混凝土造,11.23,坡道平面1,住家用,310,28.64,,,,毛胚屋。,,3.12,二十層,土地:2建物:1車位:1,1150628,028,7128,0棟A1號,否,140.75
901,"{'date': '2026-08-12 10:56:01.762366', 'timezone_type': 3, 'timezone': 'Asia/Taipei'}",2,,2,,有,3,大樓(11層含以上有電梯),房地(土地+建物),買賣,士林區,有,40.52,,7.63,,中正路697號十樓,,,,0,,住家用,0,,,,,建築物含有：陽台外推、其他增建。,,,十層,土地:1建物:1車位:,1141216,,1900,,否,46.89
905,"{'date': '2026-08-12 10:56:01.764509', 'timezone_type': 3, 'timezone': 'Asia/Taipei'}",1,,1,,有,1,華廈(10層含以下有電梯),房地(土地+建物),買賣,北投區,有,9.79,,1.55,,吉利街127巷5號九樓之5,,,,0,,住家用,0,,,,,建築物含有：夾層。,,,九層,土地:1建物:1車位:,1150717,,975,,否,99.59
914,"{'date': '2026-08-12 10:56:01.769596', 'timezone_type': 3, 'timezone': 'Asia/Taipei'}",1,,2,,有,2,華廈(10層含以下有電梯),房地(土地+建物),買賣,士林區,有,22.42,,5.72,,中山北路六段290巷27號四樓之2,,,,0,,住家用,0,,,,,建築物含有：陽台外推。,,,四層,土地:1建物:1車位:,1150124,,1938,,否,86.44
917,"{'date': '2026-08-12 10:56:01.771295', 'timezone_type': 3, 'timezone': 'Asia/Taipei'}",2,,2,遠雄明玥,有,3,住宅大樓(11層含以上有電梯),房地(土地+建物)+車位,預售屋,北投區,,61.21,,11.7,,臺北市北投區福真路、承美路口,,27.19,鋼骨鋼筋混凝土造,15.14,坡道平面2,住家用,600,31.72,,,,,,2.3,二十七層,土地:2建物:1車位:2,1150627,027,6208,0棟A05F27號,否,121.73
921,"{'date': '2026-08-12 10:56:01.773346', 'timezone_type': 3, 'timezone': 'Asia/Taipei'}",1,冷氣1台、熱水器、電視機、冰箱、有線電視、網路、傢俱,0,,有,1,公寓(無電梯),房屋,租賃,士林區,,6.99,,0,,凱旋路11號四樓之20,無,,,0,,住家用,0,,115/07/01至116/06/30,社會住宅包租轉租,獨立套房,,無,,四層,土地:建物:1車位:房間個數:,1150629,005,1,,否,1144.49
926,"{'date': '2026-08-12 10:56:01.775992', 'timezone_type': 3, 'timezone': 'Asia/Taipei'}",2,冷氣1台、熱水器、洗衣機、電視機、冰箱、傢俱,0,,有,2,透天厝,房屋,租賃,士林區,,2.27,,0,,中山北路七段162號,無,,,0,,住商用,0,,115/07/01至116/06/30,一般代管,分租套房,租金：含下列其他衍生費用：水費。其他：續租案件。,無,,四層,土地:建物:車位:房間個數:1,1150626,004,1,,-,0
930,"{'date': '2026-08-12 10:56:01.778073', 'timezone_type': 3, 'timezone': 'Asia/Taipei'}",2,冷氣4台、熱水器、洗衣機、電視機、冰箱、瓦斯或天然氣、傢俱,2,,有,3,住宅大樓(11層含以上有電梯),房屋+車位,租賃,士林區,,64.48,,0,,福國路61號三樓,有,,,13.6,坡道平面1,住家用,0,,115/07/14至116/07/13,無,整棟(戶)出租,,有,,三層,土地:建物:1車位:1房間個數:,1150702,015,9,,是,1349.26
937,"{'date': '2026-08-12 10:56:01.781783', 'timezone_type': 3, 'timezone': 'Asia/Taipei'}",2,,2,,有,3,公寓(5樓含以下無電梯),房地(土地+建物),買賣,士林區,無,34.66,,10.89,,中山北路七段82巷15號二樓,,,,0,,住家用,0,,,,,建築物含有：陽台外推、其他增建。,,,二層,土地:1建物:1車位:,1150704,,2308,,否,66.59
938,"{'date': '2026-08-12 10:56:01.782283', 'timezone_type': 3, 'timezone': 'Asia/Taipei'}",1,冷氣1台、熱水器、電視機、冰箱、有線電視、網路、傢俱,0,,有,1,公寓(無電梯),房屋,租賃,士林區,,6.99,,0,,凱旋路11號二樓之7,無,,,0,,住家用,0,,115/07/01至116/06/30,社會住宅包租轉租,獨立套房,,無,,二層,土地:建物:1車位:房間個數:,1150629,005,1,,否,1144.49
940,"{'date': '2026-08-12 10:56:01.783282', 'timezone_type': 3, 'timezone': 'Asia/Taipei'}",1,冷氣3台、熱水器、瓦斯或天然氣,1,,有,2,公寓(無電梯),房屋,租賃,北投區,,19.06,,9.17,,文林北路80巷60弄38號二樓,無,,,0,,住家用,0,,115/07/10至117/07/09,無,分層出租,,無,,二層,土地:1建物:1車位:房間個數:,1150701,003,2,,否,1128.02
944,"{'date': '2026-08-12 10:56:01.785628', 'timezone_type': 3, 'timezone': 'Asia/Taipei'}",2,冷氣2台、傢俱,1,,有,2,住宅大樓(11層含以上有電梯),房屋,租賃,士林區,,17.88,,0,,基河路16之2號六樓之8,有,,,0,,見其他登記事項,0,,115/07/01至117/06/30,無,整棟(戶)出租,,有,,六層,土地:建物:1車位:房間個數:,1150626,011,4,,否,2348.99
958,"{'date': '2026-08-12 10:56:01.793648', 'timezone_type': 3, 'timezone': 'Asia/Taipei'}",1,,2,,有,0,大樓(11層含以上有電梯),房地(土地+建物)+車位,買賣,士林區,有,37.29,,5.09,,中山北路六段405巷88號五樓之1,,,,8.95,坡道平面1,見其他登記事項,300,,,,,,,,"一層,二層,三層,四層,五層,六層,七層,八層,九層,十層,十一層,十二層,十三層,十四層,屋頂突出物,地下一層,地下二層,地下三層,地下四層",土地:1建物:1車位:1,1150515,,3680,,否,119.27
963,"{'date': '2026-08-12 10:56:01.796419', 'timezone_type': 3, 'timezone': 'Asia/Taipei'}",2,冷氣1台、熱水器、洗衣機、電視機、冰箱、傢俱,0,,有,2,住宅大樓(11層含以上有電梯),房屋,租賃,北投區,,10.14,,0,,中正街62號,有,,,0,,見其他登記事項,0,,115/07/06至115/10/05,無,分租套房,租金：含下列其他衍生費用：管理費、水費。,有,,一層,土地:建物:車位:房間個數:1,1150702,023,1,,否,690.34
969,"{'date': '2026-08-12 10:56:01.799630', 'timezone_type': 3, 'timezone': 'Asia/Taipei'}",2,冷氣4台、熱水器、洗衣機、電視機、冰箱、瓦斯或天然氣、有線電視、網路、傢俱,2,,有,3,公寓(無電梯),房屋,租賃,士林區,,25.01,,0,,社中街224號四樓,無,,,0,,住家用,0,,114/01/02至115/01/31,一般轉租,整棟(戶)出租,租金：含下列其他衍生費用：管理費、網路費。,無,,四層,土地:建物:1車位:房間個數:,1140102,004,3,,否,1199.52
971,"{'date': '2026-08-12 10:56:01.800796', 'timezone_type': 3, 'timezone': 'Asia/Taipei'}",1,,2,,有,3,公寓(5樓含以下無電梯),房地(土地+建物),買賣,士林區,無,32.75,,12.71,,文林路742號,,,,0,,住家用,0,,,,,建築物含有：陽台外推。,,,二層,土地:1建物:1車位:,1140225,,3270,,否,99.85
972,"{'date': '2026-08-12 10:56:01.801310', 'timezone_type': 3, 'timezone': 'Asia/Taipei'}",2,冷氣4台、熱水器、瓦斯或天然氣、傢俱,2,,有,2,公寓(無電梯),房屋,租賃,士林區,,33.2,,0,,天母東路105巷10號二樓,無,,,0,,住家用,0,,115/07/25至116/07/24,社會住宅代管,整棟(戶)出租,其他：續租案件。,無,,二層,土地:建物:1車位:房間個數:,1150626,005,3,,否,963.86
975,"{'date': '2026-08-12 10:56:01.802900', 'timezone_type': 3, 'timezone': 'Asia/Taipei'}",2,冷氣1台、熱水器、洗衣機、冰箱、瓦斯或天然氣、網路、傢俱,1,,有,5,公寓(無電梯),房屋,租賃,士林區,,2.72,,0,,德行東路132巷5弄1號五樓,無,,,0,,住家用,0,,115/08/01至116/07/31,一般轉租,分租雅房,租金：含下列其他衍生費用：管理費、網路費、其他-清潔費。租賃標的：租賃建物部分範圍，且未計入共有部分面積。,無,,五層,土地:0建物:車位:房間個數:1,1150629,005,1,,否,4485.29
977,"{'date': '2026-08-12 10:56:01.803992', 'timezone_type': 3, 'timezone': 'Asia/Taipei'}",1,冷氣1台、熱水器、電視機、冰箱、有線電視、網路、傢俱,0,,有,1,公寓(無電梯),房屋,租賃,士林區,,6.99,,0,,凱旋路11號三樓之13,無,,,0,,住家用,0,,115/07/01至116/06/30,社會住宅包租轉租,獨立套房,承租人：多人共同承租，共2人。,無,,三層,土地:建物:1車位:房間個數:,1150629,005,1,,否,1144.49
987,"{'date': '2026-08-12 10:56:01.809448', 'timezone_type': 3, 'timezone': 'Asia/Taipei'}",2,,2,樺輝詠鑄,有,3,住宅大樓(11層含以上有電梯),房地(土地+建物)+車位,預售屋,北投區,,55.59,,8.23,,臺北市北投區洲美里洲美街,,25.39,鋼骨混凝土造,11.23,坡道平面1,住家用,340,27.18,,,,毛胚屋。,,3.02,八層,土地:2建物:1車位:1,1150702,028,6500,0棟A3號,否,138.86
993,"{'date': '2026-08-12 10:56:01.813636', 'timezone_type': 3, 'timezone': 'Asia/Taipei'}",1,冷氣1台、熱水器、冰箱、瓦斯或天然氣、傢俱,0,,有,1,華廈(10層含以下有電梯),房屋,租賃,士林區,,13.66,,0,,天母東路8巷21號六樓之10,有,,,0,,住家用,0,,115/07/01至116/06/30,社會住宅包租轉租,獨立套房,,有,,六層,土地:建物:1車位:房間個數:,1150629,007,2,,否,1376.28
1001,"{'date': '2026-08-12 10:56:01.819069', 'timezone_type': 3, 'timezone': 'Asia/Taipei'}",1,冷氣2台、熱水器、電視機、瓦斯或天然氣、傢俱,2,,有,1,公寓(無電梯),房屋,租賃,士林區,,18.8,,0,,通河西街二段82號,無,,,0,,住家用,0,,115/07/01至116/06/30,社會住宅代管,獨立套房,其他：續租案件。,無,,四層,土地:建物:1車位:房間個數:,1150628,004,2,,否,930.85
1004,"{'date': '2026-08-12 10:56:01.820847', 'timezone_type': 3, 'timezone': 'Asia/Taipei'}",,,,,無,,,車位,買賣,士林區,有,5.66,,0.02,,後港街123號等共有部分,,,,5.66,坡道機械1,見其他登記事項,247,,,,,僅車位交易。,,,"一層,地下一層,地下二層,地下三層",土地:1建物:1車位:1,1150616,,247,,-,0
1011,"{'date': '2026-08-12 10:56:01.824931', 'timezone_type': 3, 'timezone': 'Asia/Taipei'}",,無,,,無,,公寓(無電梯),房屋,租賃,北投區,,31.58,,14.52,,尊賢街302巷20號,無,,,0,,住家用,0,,115/07/01至120/06/30,,,,無,,一層,土地:1建物:1車位:房間個數:,1150626,004,4,,否,1203.29
1019,"{'date': '2026-08-12 10:56:01.830587', 'timezone_type': 3, 'timezone': 'Asia/Taipei'}",1,冷氣1台、熱水器、冰箱、傢俱,0,,有,1,華廈(10層含以下有電梯),房屋,租賃,士林區,,6.99,,0,,格致路20巷1號九樓之3,有,,,0,,商業用,0,,115/07/01至116/06/30,社會住宅包租轉租,獨立套房,管理費：915元，租金不含管理費，由承租人負擔。,有,,九層,土地:建物:1車位:房間個數:,1150626,009,1,,否,1444.92
1026,"{'date': '2026-08-12 10:56:01.834839', 'timezone_type': 3, 'timezone': 'Asia/Taipei'}",2,冷氣4台、熱水器、瓦斯或天然氣、傢俱,2,,有,4,公寓(無電梯),房屋,租賃,北投區,,37.96,,0,,吉利街259巷28號三樓,無,,,0,,住家用,0,,115/07/01至116/06/30,社會住宅代管,整棟(戶)出租,,無,,三層,土地:建物:1車位:房間個數:,1150626,005,3,,否,790.31
1029,"{'date': '2026-08-12 10:56:01.836615', 'timezone_type': 3, 'timezone': 'Asia/Taipei'}",,,,,無,,,土地,買賣,士林區,無,0,,7.87,,福順段三小段0410-0000地號,,,,0,,,0,,,,,,,,,土地:1建物:0車位:,1150717,,91,,-,11.56
1039,"{'date': '2026-08-12 10:56:01.842929', 'timezone_type': 3, 'timezone': 'Asia/Taipei'}",2,無,0,,有,0,店面(店鋪),房屋,租賃,士林區,,37.75,,0,,士東路91巷4號一樓,無,,,0,,住家用,0,,115/08/01至120/07/31,,,,無,,一層,土地:建物:1車位:房間個數:,1150630,007,7,,否,1721.85
1040,"{'date': '2026-08-12 10:56:01.843559', 'timezone_type': 3, 'timezone': 'Asia/Taipei'}",2,,2,昇陽醴居,有,3,住宅大樓(11層含以上有電梯),房地(土地+建物)+車位,預售屋,士林區,,54.2,,6.22,,臺北市士林區德行東路277號,,27.78,鋼筋混凝土造,11.59,坡道平面1,住家用,295,23.79,,,,,,2.63,十一層,土地:8建物:1車位:1,1150630,021,5860,B棟B4-11F號,否,130.6
1056,"{'date': '2026-08-12 10:56:01.852397', 'timezone_type': 3, 'timezone': 'Asia/Taipei'}",2,,2,遠雄明玥,有,3,住宅大樓(11層含以上有電梯),房地(土地+建物)+車位,預售屋,北投區,,53.64,,11.7,,臺北市北投區福真路、承美路口,,27.19,鋼骨鋼筋混凝土造,7.57,坡道平面1,住家用,330,24.15,,,,,,2.3,二十二層,土地:2建物:1車位:1,1150627,027,6045,0棟A05F22號,否,124.05
1057,"{'date': '2026-08-12 10:56:01.852964', 'timezone_type': 3, 'timezone': 'Asia/Taipei'}",1,冷氣1台、熱水器、電視機、冰箱、有線電視、網路、傢俱,0,,有,1,公寓(無電梯),房屋,租賃,士林區,,6.99,,0,,凱旋路11號三樓之18,無,,,0,,住家用,0,,115/07/01至116/06/30,社會住宅包租轉租,獨立套房,,無,,三層,土地:建物:1車位:房間個數:,1150629,005,1,,否,1144.49
1073,"{'date': '2026-08-12 10:56:01.862046', 'timezone_type': 3, 'timezone': 'Asia/Taipei'}",1,冷氣1台、熱水器、電視機、冰箱、有線電視、網路、傢俱,0,,有,1,公寓(無電梯),房屋,租賃,士林區,,7.1,,0,,凱旋路11號二樓之11,無,,,0,,住家用,0,,115/07/01至116/06/30,社會住宅包租轉租,獨立套房,,無,,二層,土地:建物:1車位:房間個數:,1150629,005,1,,否,1126.76
1074,"{'date': '2026-08-12 10:56:01.862608', 'timezone_type': 3, 'timezone': 'Asia/Taipei'}",2,,2,,有,3,大樓(11層含以上有電梯),房地(土地+建物)+車位,買賣,士林區,有,81.66,,15.13,,士商路147號十樓,,,,18.03,坡道平面1,住家用,0,,,,,建築物含有：陽台外推、其他增建。,,,十層,土地:1建物:2車位:1,1150506,,6800,,是,83.27
1077,"{'date': '2026-08-12 10:56:01.864332', 'timezone_type': 3, 'timezone': 'Asia/Taipei'}",2,,2,,有,3,大樓(11層含以上有電梯),房地(土地+建物)+車位,買賣,北投區,有,64.06,,9.76,,文林北路151號九樓,,,,13.24,坡道平面1,見其他登記事項,320,,,,,預售屋、或土地及建物分件登記案件。,,,九層,土地:1建物:1車位:1,1131206,,6562,,否,122.83
1079,"{'date': '2026-08-12 10:56:01.865550', 'timezone_type': 3, 'timezone': 'Asia/Taipei'}",1,冷氣1台、熱水器、瓦斯或天然氣、傢俱,2,,有,2,公寓(無電梯),房屋,租賃,士林區,,20.25,,0,,承德路四段58巷16號三樓,無,,,0,,住家用,0,,115/07/05至116/07/04,社會住宅代管,整棟(戶)出租,,無,,三層,土地:建物:1車位:房間個數:,1150702,004,3,,否,1362.96
1086,"{'date': '2026-08-12 10:56:01.869649', 'timezone_type': 3, 'timezone': 'Asia/Taipei'}",2,,2,,有,3,大樓(11層含以上有電梯),房地(土地+建物)+車位,買賣,士林區,有,53.84,,6.36,,忠誠路二段94號十樓,,,,0,坡道平面1,住家用,300,,,,,建築物含有：陽台外推。,,,十層,土地:1建物:1車位:1,1150527,,5100,,是,94.73
1088,"{'date': '2026-08-12 10:56:01.870692', 'timezone_type': 3, 'timezone': 'Asia/Taipei'}",1,冷氣1台、熱水器、電視機、冰箱、傢俱,0,,有,1,華廈(10層含以下有電梯),房屋,租賃,士林區,,7.43,,0,,格致路20巷1號三樓之8,有,,,0,,商業用,0,,115/07/10至117/05/09,社會住宅包租轉租,獨立套房,承租人：多人共同承租，共2人。管理費：1115元，租金不含管理費，由承租人負擔。,有,,三層,土地:建物:1車位:房間個數:,1150626,009,1,,否,1615.07
1096,"{'date': '2026-08-12 10:56:01.874876', 'timezone_type': 3, 'timezone': 'Asia/Taipei'}",2,,2,,有,3,公寓(5樓含以下無電梯),房地(土地+建物),買賣,士林區,無,5.31,,1.6,,美崙街62巷14號五樓,,,,0,,住家用,0,,,,,關係人間交易：親友、員工、共有人或其他特殊關係間之交易。建築物含有：頂樓加蓋。增建3房1廳1衛,,,五層,土地:3建物:1車位:,1150528,,196,,否,36.91
1100,"{'date': '2026-08-12 10:56:01.876980', 'timezone_type': 3, 'timezone': 'Asia/Taipei'}",1,冷氣1台、熱水器、電視機、冰箱、有線電視、網路、傢俱,0,,有,1,公寓(無電梯),房屋,租賃,士林區,,6.99,,0,,凱旋路11號四樓之10,無,,,0,,住家用,0,,115/07/01至116/06/30,社會住宅包租轉租,獨立套房,,無,,四層,土地:建物:1車位:房間個數:,1150629,005,1,,否,1144.49
1111,"{'date': '2026-08-12 10:56:01.883277', 'timezone_type': 3, 'timezone': 'Asia/Taipei'}",1,冷氣3台、熱水器、冰箱、瓦斯或天然氣、傢俱,2,,有,2,公寓(無電梯),房屋,租賃,北投區,,16.73,,0,,大同街228巷2號二樓,無,,,0,,住家用,0,,115/08/06至116/08/05,社會住宅代管,整棟(戶)出租,,無,,二層,土地:建物:1車位:房間個數:,1150626,005,2,,否,1344.89
1130,"{'date': '2026-08-12 10:56:01.896401', 'timezone_type': 3, 'timezone': 'Asia/Taipei'}",2,,2,力銘耘山,有,2,住宅大樓(11層含以上有電梯),房地(土地+建物)+車位,預售屋,北投區,,36.4,,4.73,,臺北市北投區承信路,,15.85,鋼筋混凝土造,10.29,坡道平面1,住家用,320,19.41,,,,,,1.14,八層,土地:2建物:1車位:1,1150702,018,3810,0棟A6-08F號,否,133.67
1131,"{'date': '2026-08-12 10:56:01.897113', 'timezone_type': 3, 'timezone': 'Asia/Taipei'}",1,冷氣1台、熱水器、電視機、冰箱、有線電視、網路、傢俱,0,,有,1,公寓(無電梯),房屋,租賃,士林區,,7.03,,0,,凱旋路11之5號,無,,,0,,住家用,0,,115/07/01至116/06/30,社會住宅包租轉租,獨立套房,,無,,一層,土地:建物:1車位:房間個數:,1150626,005,1,,否,1137.98
1139,"{'date': '2026-08-12 10:56:01.901540', 'timezone_type': 3, 'timezone': 'Asia/Taipei'}",,,,,無,,,土地,買賣,士林區,無,0,,15.21,,永新段三小段0502-0001地號,,,,0,,,0,,,,,特殊交易標的類型：(包含)公共設施保留地(用地)。與政府有關之交易：協議價購。115年度臺北市政府以容積代金基金採購私有公共設施保留地,,,,土地:3建物:0車位:,1150708,,553,,-,36.36
1140,"{'date': '2026-08-12 10:56:01.902150', 'timezone_type': 3, 'timezone': 'Asia/Taipei'}",1,熱水器、瓦斯或天然氣,1,,有,3,公寓(無電梯),房屋,租賃,士林區,,22.22,,0,,社中街426巷16號四樓,無,,,0,,住家用,0,,115/07/31至116/07/30,社會住宅代管,整棟(戶)出租,其他：續租案件。,無,,四層,土地:建物:1車位:房間個數:,1150702,004,2,,否,675.07
1144,"{'date': '2026-08-12 10:56:01.905052', 'timezone_type': 3, 'timezone': 'Asia/Taipei'}",2,,2,,有,2,華廈(10層含以下有電梯),房地(土地+建物)+車位,買賣,北投區,有,38.78,,7.62,,清江路91巷11號二樓,,,,8.86,升降平面1,住家用,180,,,,,建築物含有：陽台外推。,,,二層,土地:1建物:1車位:1,1150603,,2368,,否,73.13
1145,"{'date': '2026-08-12 10:56:01.905671', 'timezone_type': 3, 'timezone': 'Asia/Taipei'}",1,冷氣1台、熱水器、電視機、冰箱、有線電視、網路、傢俱,0,,有,1,公寓(無電梯),房屋,租賃,士林區,,7.03,,0,,凱旋路11號二樓之5,無,,,0,,住家用,0,,115/07/01至116/06/30,社會住宅包租轉租,獨立套房,,無,,二層,土地:建物:1車位:房間個數:,1150630,005,1,,否,1137.98
1147,"{'date': '2026-08-12 10:56:01.906812', 'timezone_type': 3, 'timezone': 'Asia/Taipei'}",2,冷氣1台、熱水器、洗衣機、電視機、傢俱,0,,有,2,透天厝,房屋,租賃,士林區,,10.32,,0,,中山北路七段162號,無,,,0,,住商用,0,,115/07/01至116/06/30,一般代管,分租套房,租金：含下列其他衍生費用：水費。其他：續租案件。,無,,三層,土地:建物:車位:房間個數:1,1150626,004,1,,-,0
1149,"{'date': '2026-08-12 10:56:01.907929', 'timezone_type': 3, 'timezone': 'Asia/Taipei'}",,,,,無,,,土地,買賣,士林區,無,0,,34.92,,富安段一小段0196-0000地號,,,,0,,,0,,,,,土地上有：未登記建物、農作物。,,,,土地:1建物:0車位:,1141026,,908,,-,26
1152,"{'date': '2026-08-12 10:56:01.909580', 'timezone_type': 3, 'timezone': 'Asia/Taipei'}",1,,1,,有,2,大樓(11層含以上有電梯),房地(土地+建物)+車位,買賣,士林區,有,37.87,,2.97,,重慶北路四段108號八樓之2,,,,12.19,坡道平面1,見其他登記事項,240,,,,,關係人間交易：親友、員工、共有人或其他特殊關係間之交易。,,,八層,土地:1建物:1車位:1,1141209,,2250,,否,78.27
1153,"{'date': '2026-08-12 10:56:01.910159', 'timezone_type': 3, 'timezone': 'Asia/Taipei'}",2,冷氣3台、熱水器、洗衣機、電視機、冰箱、瓦斯或天然氣、傢俱,1,,有,4,公寓(無電梯),房屋,租賃,士林區,,29.16,,0,,華齡街37號五樓,無,,,0,,住家用,0,,115/07/01至116/06/30,社會住宅代管,整棟(戶)出租,承租人：多人共同承租，共2人。,無,,五層,土地:建物:1車位:房間個數:,1150630,005,3,,否,925.93
1164,"{'date': '2026-08-12 10:56:01.917167', 'timezone_type': 3, 'timezone': 'Asia/Taipei'}",1,0台、熱水器,2,,有,3,華廈(10層含以下有電梯),房屋,租賃,北投區,,24.1,,0,,溫泉路71號三樓之14,有,,,0,,商業用,0,,115/07/01至116/06/30,社會住宅代管,整棟(戶)出租,其他：續租案件。管理費：1450元，租金不含管理費，由承租人負擔。,有,,三層,土地:建物:1車位:房間個數:,1150701,007,2,,否,912.86
1177,"{'date': '2026-08-12 10:56:01.924592', 'timezone_type': 3, 'timezone': 'Asia/Taipei'}",2,冷氣4台、熱水器、洗衣機、電視機、冰箱、瓦斯或天然氣、傢俱,2,,有,3,公寓(無電梯),房屋,租賃,北投區,,33.85,,0,,東華街二段192號五樓,無,,,0,,住家用,0,,115/07/15至118/07/14,社會住宅代管,整棟(戶)出租,,無,,五層,土地:建物:1車位:房間個數:,1150702,005,3,,否,915.81
1178,"{'date': '2026-08-12 10:56:01.925159', 'timezone_type': 3, 'timezone': 'Asia/Taipei'}",1,,1,,有,1,大樓(11層含以上有電梯),房地(土地+建物)+車位,買賣,士林區,有,61.95,,7.47,,中山北路六段157巷11號九樓之5,,,,0,坡道平面2,見其他登記事項,600,,,,,,,,九層,土地:1建物:1車位:2,1150715,,4100,,是,66.18
1182,"{'date': '2026-08-12 10:56:01.927414', 'timezone_type': 3, 'timezone': 'Asia/Taipei'}",1,冷氣2台、熱水器、洗衣機、冰箱、瓦斯或天然氣、傢俱,1,,有,1,華廈(10層含以下有電梯),房屋,租賃,北投區,,17.48,,0,,明德路288號三樓,有,,,0,,住家用,0,,115/07/01至117/06/30,無,獨立套房,,有,,三層,土地:建物:1車位:房間個數:0,1150630,010,3,,否,1544.62
1189,"{'date': '2026-08-12 10:56:01.931358', 'timezone_type': 3, 'timezone': 'Asia/Taipei'}",,冷氣1台、熱水器,,,無,,店面(店鋪),房屋+車位,租賃,北投區,,34.98,,0,,三合街一段82巷75號,有,,,14.49,坡道平面1,見其他登記事項,0,,115/08/01至120/07/31,,,"租金：含下列其他衍生費用：管理費。租賃標的：租賃期間有約定不同租金-頭二年，即115年8月1日至117年7月31日每月租金新臺幣35,000元整(承租方代出租方繳納10%租賃稅約3500元及2.11%健保補充保費約739元後，餘額30,761元匯款至出租方帳戶)
後三年，即117年8月1日至120年7月31日每月租金新臺幣43,000元整(承租方代出租方繳納10%租賃稅約4300元及2.11%健保補充保費約908元後，餘額37,792元匯至出租方帳戶)。。雙方協議115年6月29日至115年7月31日為承租方裝潢期，無須給付租金，但水電費自公證日起由承租方負擔。",有,,一層,土地:建物:1車位:1房間個數:,1150629,008,3,,是,879.39
1193,"{'date': '2026-08-12 10:56:01.933464', 'timezone_type': 3, 'timezone': 'Asia/Taipei'}",1,冷氣3台、熱水器、洗衣機、冰箱、瓦斯或天然氣,1,,有,3,公寓(無電梯),房屋,租賃,北投區,,28.47,,0,,中央北路四段120號四樓,無,,,0,,住家用,0,,115/07/01至116/06/30,社會住宅代管,整棟(戶)出租,承租人：多人共同承租，共3人。,無,,四層,土地:建物:1車位:房間個數:,1150630,005,2,,否,698.98
1204,"{'date': '2026-08-12 10:56:01.939335', 'timezone_type': 3, 'timezone': 'Asia/Taipei'}",1,,2,,有,3,公寓(5樓含以下無電梯),房地(土地+建物),買賣,北投區,無,26.87,,9.47,,中和街502巷11弄7號四樓,,,,0,,住家用,0,,,,,建築物含有：陽台外推、頂樓加蓋、其他增建。,,,"四層,陽臺",土地:1建物:1車位:,1150524,,940,,否,34.98
1208,"{'date': '2026-08-12 10:56:01.941509', 'timezone_type': 3, 'timezone': 'Asia/Taipei'}",1,冷氣3台、熱水器、瓦斯或天然氣、傢俱,2,,有,2,公寓(無電梯),房屋,租賃,士林區,,19.3,,0,,延平北路五段136巷8弄14號三樓,無,,,0,,住家用,0,,115/07/01至116/06/30,社會住宅包租轉租,整棟(戶)出租,,無,,三層,土地:建物:1車位:房間個數:,1150629,004,3,,否,1347.15
